<?xml version="1.0" encoding="utf-8" standalone="yes" ?>
<Window size="500,360" sizebox="4,4,6,6" caption="0,0,0,360" roundcorner="5,5" maxbox="false">
    <Font name="SimSun" size="12" bold="true" italic="false" />
    <Font name="SimSun" size="12" bold="false" italic="false" default="true" />
    <Font name="华文新魏" size="21" bold="false" italic="false" />
    <VerticalLayout name="VLayoutTotal" bkcolor="#FFFFFFFF">
        <VerticalLayout name="VLayoutBorder" bkimage="file=&apos;border.png&apos; corner=&apos;5,5,5,5&apos; mask=&apos;0xffffffff&apos;">
            <HorizontalLayout name="HLayoutHead" pos="0,0,0,32" height="32">
                <HorizontalLayout name="HLayoutTitle" pos="0,0,0,32" height="32" />
                <HorizontalLayout name="HLayoutSys" pos="0,0,70,32" width="70" height="32">
                    <Button name="BtnMin" tooltip="最小化" float="true" pos="3,0,31,20" textcolor="#FF000000" disabledtextcolor="#FFA7A6AA" align="center" normalimage="file=&apos;BtnMin.png&apos; source=&apos;0,0,28,20&apos;" hotimage="file=&apos;BtnMin.png&apos; source=&apos;28,0,56,20&apos;" pushedimage="file=&apos;BtnMin.png&apos; source=&apos;56,0,84,20&apos;" />
                    <Button name="BtnClose" tooltip="关闭" float="true" pos="31,0,70,20" textcolor="#FF000000" disabledtextcolor="#FFA7A6AA" align="center" normalimage="file=&apos;BtnClose.png&apos; source=&apos;0,0,39,20&apos;" hotimage="file=&apos;BtnClose.png&apos; source=&apos;39,0,78,20&apos;" pushedimage="file=&apos;BtnClose.png&apos; source=&apos;78,0,117,20&apos;" />
                </HorizontalLayout>
            </HorizontalLayout>
            <VerticalLayout name="VLayoutBody">
                <TabLayout name="WizardTab">
                    <VerticalLayout name="VLayoutPage1">
                        <HorizontalLayout name="HLayoutDetail" pos="0,0,0,70" height="70">
                            <HorizontalLayout name="HorizontalLayoutUI1" pos="0,0,300,0" width="300">
                                <Label name="WizardStep" float="true" pos="30,18,280,45" bkimage="StepOne.png" textcolor="#FF000000" disabledtextcolor="#FFA7A6AA" />
                            </HorizontalLayout>
                            <HorizontalLayout name="HorizontalLayoutUI2" />
                            <HorizontalLayout name="HorizontalLayoutUI3" pos="0,0,200,0" width="200">
                                <Text name="WizardText" text="&lt;b&gt;欢迎--- &lt;/b&gt;&gt; 选项 &gt; 安装 &gt; 完成" float="true" pos="31,39,196,69" textpadding="2,0,2,0" textcolor="#000B6C9E" disabledtextcolor="#FFA7A6AA" showhtml="true" align="center" />
                            </HorizontalLayout>
                        </HorizontalLayout>
                        <HorizontalLayout name="HLayoutLicence" />
                        <HorizontalLayout name="HLayoutFunc" pos="0,0,0,50" height="50">
                            <HorizontalLayout name="HLayouInfo" pos="0,0,0,50" height="50">
                                <Text name="TextTip" text="请您仔细阅读安装协议，继续安装即代表您接受协议内容。" float="true" pos="10,10,321,40" textpadding="2,0,2,0" textcolor="#FF000000" disabledtextcolor="#FFA7A6AA" />
                            </HorizontalLayout>
                            <HorizontalLayout name="HLayoutBtn" pos="367,0,537,50" width="170" height="50">
                                <Button name="BtnCancel" text="取消" float="true" pos="10,10,80,40" textcolor="#FF000000" disabledtextcolor="#FFA7A6AA" align="center" normalimage="file=&apos;InstallBtn.png&apos; dest=&apos;0,0,164,38&apos; source=&apos;0,0,164,38&apos; corner=&apos;8,8,8,8&apos;" hotimage="file=&apos;InstallBtn.png&apos; dest=&apos;0,0,162,38&apos; source=&apos;0,38,162,76&apos; corner=&apos;8,8,8,8&apos;" pushedimage="file=&apos;InstallBtn.png&apos; dest=&apos;0,0,162,38&apos; source=&apos;0,76,162,114&apos; corner=&apos;8,8,8,8&apos;" />
                                <Button name="BtnAccept" text="接受" float="true" pos="90,10,160,40" textcolor="#FF000000" disabledtextcolor="#FFA7A6AA" align="center" normalimage="file=&apos;InstallBtn.png&apos; dest=&apos;0,0,164,38&apos; source=&apos;0,0,164,38&apos; corner=&apos;8,8,8,8&apos;" hotimage="file=&apos;InstallBtn.png&apos; dest=&apos;0,0,162,38&apos; source=&apos;0,38,162,76&apos; corner=&apos;8,8,8,8&apos;" pushedimage="file=&apos;InstallBtn.png&apos; dest=&apos;0,0,162,38&apos; source=&apos;0,76,162,114&apos; corner=&apos;8,8,8,8&apos;" />
                            </HorizontalLayout>
                        </HorizontalLayout>
                    </VerticalLayout>
                    <VerticalLayout name="VLayoutPage2">
                        <HorizontalLayout name="HorizontalLayoutUI4" pos="0,0,0,70" height="70">
                            <HorizontalLayout name="HorizontalLayoutUI5" pos="0,0,300,0" width="300">
                                <Label name="WizardStep" float="true" pos="30,18,280,45" bkimage="StepTwo.png" textcolor="#FF000000" disabledtextcolor="#FFA7A6AA" />
                            </HorizontalLayout>
                            <HorizontalLayout name="HorizontalLayoutUI6" />
                            <HorizontalLayout name="HorizontalLayoutUI7" pos="0,0,200,70" width="200" height="70">
                                <Text name="WizardText" text="欢迎 &gt; &lt;b&gt;选项&lt;/b&gt; &gt; 安装 &gt; 完成" float="true" pos="31,39,196,69" textpadding="2,0,2,0" textcolor="#000B6C9E" disabledtextcolor="#FFA7A6AA" showhtml="true" align="center" />
                            </HorizontalLayout>
                        </HorizontalLayout>
                        <HorizontalLayout name="HorizontalLayoutUI16">
                            <Label name="LabelUI1" text="选择安装目录" float="true" pos="25,9,95,31" textcolor="#FF000000" disabledtextcolor="#FFA7A6AA" align="center" />
                            <Label name="LabelUI2" float="true" pos="102,20,452,21" bkcolor="#FFE1E1E1" textcolor="#FF000000" disabledtextcolor="#FFA7A6AA" />
                            <Label name="LabelUI3" text="所需磁盘空间:" float="true" pos="51,66,129,88" textcolor="#FF000000" disabledtextcolor="#FFA7A6AA" align="center" />
                            <Text name="TextUI1" text="30MB" float="true" pos="132,66,172,88" maxheight="23" maxwidth="60" textpadding="2,0,2,0" textcolor="#FF000000" disabledtextcolor="#FFA7A6AA" />
                            <Label name="LabelUI4" text="可用空间:" float="true" pos="229,66,285,88" textcolor="#FF000000" disabledtextcolor="#FFA7A6AA" align="center" />
                            <Text name="TextUI2" text="10GB" float="true" pos="287,66,337,88" maxheight="23" maxwidth="60" textpadding="2,0,2,0" textcolor="#FF000000" disabledtextcolor="#FFA7A6AA" />
                            <Label name="LabelUI5" text="设置安装选项" float="true" pos="25,100,95,122" textcolor="#FF000000" disabledtextcolor="#FFA7A6AA" align="center" />
                            <Label name="LabelUI6" float="true" pos="102,111,452,112" bkcolor="#FFE1E1E1" textcolor="#FF000000" disabledtextcolor="#FFA7A6AA" />
                            <Option name="OptionQuick" text="添加到快速启动栏" float="true" pos="51,134,166,149" textpadding="16,0,0,0" textcolor="#FF000000" disabledtextcolor="#FFA7A6AA" align="center" normalimage="file=&apos;CheckBox.png&apos; dest=&apos;0,0,15,15&apos; source=&apos;0,0,15,15&apos;" hotimage="file=&apos;CheckBox.png&apos; dest=&apos;0,0,15,15&apos; source=&apos;15,0,30,15&apos;" pushedimage="file=&apos;CheckBox.png&apos; dest=&apos;0,0,15,15&apos; source=&apos;30,0,45,15&apos;" selectedimage="file=&apos;CheckBox.png&apos; dest=&apos;0,0,15,15&apos; source=&apos;45,0,60,15&apos;" selectedhotimage="file=&apos;CheckBox.png&apos; dest=&apos;0,0,15,15&apos; source=&apos;60,0,75,15&apos;" selectedpressimage="file=&apos;CheckBox.png&apos; dest=&apos;0,0,15,15&apos; source=&apos;75,0,90,15&apos;" />
                            <Option name="OptionLnk" text="创建桌面快捷方式" float="true" pos="51,158,166,173" textpadding="16,0,0,0" textcolor="#FF000000" disabledtextcolor="#FFA7A6AA" align="center" normalimage="file=&apos;checkbox_icon.png&apos; dest=&apos;0,0,15,15&apos; source=&apos;0,0,15,15&apos;" hotimage="file=&apos;checkbox_icon.png&apos; dest=&apos;0,0,15,15&apos; source=&apos;15,0,30,15&apos;" pushedimage="file=&apos;checkbox_icon.png&apos; dest=&apos;0,0,15,15&apos; source=&apos;30,0,45,15&apos;" selectedimage="file=&apos;checkbox_icon.png&apos; dest=&apos;0,0,15,15&apos; source=&apos;60,0,75,15&apos;" selectedhotimage="file=&apos;checkbox_icon.png&apos; dest=&apos;0,0,15,15&apos; source=&apos;75,0,90,15&apos;" selectedpressimage="file=&apos;checkbox_icon.png&apos; dest=&apos;0,0,15,15&apos; source=&apos;90,0,105,15&apos;" />
                        </HorizontalLayout>
                        <HorizontalLayout name="HorizontalLayoutUI17" pos="0,0,0,50" height="50">
                            <HorizontalLayout name="HorizontalLayoutUI18" />
                            <HorizontalLayout name="HLayoutBtn" pos="0,0,170,50" width="170" height="50">
                                <Button name="BtnBack" text="上一步" float="true" pos="10,10,80,40" textcolor="#FF000000" disabledtextcolor="#FFA7A6AA" align="center" normalimage="file=&apos;InstallBtn.png&apos; dest=&apos;0,0,164,38&apos; source=&apos;0,0,164,38&apos; corner=&apos;8,8,8,8&apos;" hotimage="file=&apos;InstallBtn.png&apos; dest=&apos;0,0,162,38&apos; source=&apos;0,38,162,76&apos; corner=&apos;8,8,8,8&apos;" pushedimage="file=&apos;InstallBtn.png&apos; dest=&apos;0,0,162,38&apos; source=&apos;0,76,162,114&apos; corner=&apos;8,8,8,8&apos;" />
                                <Button name="BtnNext" text="下一步" float="true" pos="90,10,160,40" textcolor="#FF000000" disabledtextcolor="#FFA7A6AA" align="center" normalimage="file=&apos;InstallBtn.png&apos; dest=&apos;0,0,164,38&apos; source=&apos;0,0,164,38&apos; corner=&apos;8,8,8,8&apos;" hotimage="file=&apos;InstallBtn.png&apos; dest=&apos;0,0,162,38&apos; source=&apos;0,38,162,76&apos; corner=&apos;8,8,8,8&apos;" pushedimage="file=&apos;InstallBtn.png&apos; dest=&apos;0,0,162,38&apos; source=&apos;0,76,162,114&apos; corner=&apos;8,8,8,8&apos;" />
                            </HorizontalLayout>
                        </HorizontalLayout>
                    </VerticalLayout>
                    <VerticalLayout name="VLayoutPage3">
                        <HorizontalLayout name="HorizontalLayoutUI8" pos="0,0,0,70" height="70">
                            <HorizontalLayout name="HorizontalLayoutUI9" pos="0,0,300,0" width="300">
                                <Label name="WizardStep" float="true" pos="30,18,280,45" bkimage="StepThree.png" textcolor="#FF000000" disabledtextcolor="#FFA7A6AA" />
                            </HorizontalLayout>
                            <HorizontalLayout name="HorizontalLayoutUI10" />
                            <HorizontalLayout name="HorizontalLayoutUI11" pos="0,0,200,70" width="200" height="70">
                                <Text name="WizardText" text="欢迎 &gt; 选项 &gt; &lt;b&gt;安装&lt;/b&gt; &gt; 完成" float="true" pos="31,39,196,69" textpadding="2,0,2,0" textcolor="#000B6C9E" disabledtextcolor="#FFA7A6AA" showhtml="true" align="center" />
                            </HorizontalLayout>
                        </HorizontalLayout>
                        <HorizontalLayout name="HorizontalLayoutUI20">
                            <Progress name="ProgressUI1" float="true" pos="21,172,471,194" textcolor="#FF000000" disabledtextcolor="#FFA7A6AA" align="center" min="0" max="100" value="0" hor="true" />
                            <HorizontalLayout name="HorizontalLayoutUI19" pos="0,0,0,160" height="160" />
                        </HorizontalLayout>
                        <HorizontalLayout name="HorizontalLayoutUI21" pos="0,0,0,50" height="50">
                            <HorizontalLayout name="HorizontalLayoutUI22" />
                            <HorizontalLayout name="HLayoutBtn" pos="0,0,170,50" width="170" height="50">
                                <Button name="BtnBack" text="上一步" float="true" pos="10,10,80,40" textcolor="#FF000000" disabledtextcolor="#FFA7A6AA" align="center" normalimage="file=&apos;InstallBtn.png&apos; dest=&apos;0,0,164,38&apos; source=&apos;0,0,164,38&apos; corner=&apos;8,8,8,8&apos;" hotimage="file=&apos;InstallBtn.png&apos; dest=&apos;0,0,162,38&apos; source=&apos;0,38,162,76&apos; corner=&apos;8,8,8,8&apos;" pushedimage="file=&apos;InstallBtn.png&apos; dest=&apos;0,0,162,38&apos; source=&apos;0,76,162,114&apos; corner=&apos;8,8,8,8&apos;" />
                                <Button name="BtnNext" text="下一步" float="true" pos="90,10,160,40" textcolor="#FF000000" disabledtextcolor="#FFA7A6AA" align="center" normalimage="file=&apos;InstallBtn.png&apos; dest=&apos;0,0,164,38&apos; source=&apos;0,0,164,38&apos; corner=&apos;8,8,8,8&apos;" hotimage="file=&apos;InstallBtn.png&apos; dest=&apos;0,0,162,38&apos; source=&apos;0,38,162,76&apos; corner=&apos;8,8,8,8&apos;" pushedimage="file=&apos;InstallBtn.png&apos; dest=&apos;0,0,162,38&apos; source=&apos;0,76,162,114&apos; corner=&apos;8,8,8,8&apos;" />
                            </HorizontalLayout>
                        </HorizontalLayout>
                    </VerticalLayout>
                    <VerticalLayout name="VLayoutPage4">
                        <HorizontalLayout name="HorizontalLayoutUI12" pos="0,0,0,70" height="70">
                            <HorizontalLayout name="HorizontalLayoutUI13" pos="0,0,300,0" width="300">
                                <Label name="WizardStep" float="true" pos="30,18,280,45" bkimage="StepFour.png" textcolor="#FF000000" disabledtextcolor="#FFA7A6AA" />
                            </HorizontalLayout>
                            <HorizontalLayout name="HorizontalLayoutUI14" />
                            <HorizontalLayout name="HorizontalLayoutUI15" pos="0,0,200,0" width="200">
                                <Text name="WizardText" text="欢迎 &gt; 选项 &gt; 安装 &gt; &lt;b&gt;完成&lt;/b&gt;" float="true" pos="31,39,196,69" textpadding="2,0,2,0" textcolor="#000B6C9E" disabledtextcolor="#FFA7A6AA" showhtml="true" align="center" />
                            </HorizontalLayout>
                        </HorizontalLayout>
                        <HorizontalLayout name="HorizontalLayoutUI24">
                            <Option name="OptionRun" text="完成后运行软件" float="true" pos="58,64,158,79" textpadding="16,0,0,0" textcolor="#FF000000" disabledtextcolor="#FFA7A6AA" normalimage="file=&apos;checkbox_icon.png&apos; dest=&apos;0,0,15,15&apos; source=&apos;0,0,15,15&apos;" hotimage="file=&apos;checkbox_icon.png&apos; dest=&apos;0,0,15,15&apos; source=&apos;15,0,30,15&apos;" pushedimage="file=&apos;checkbox_icon.png&apos; dest=&apos;0,0,15,15&apos; source=&apos;30,0,45,15&apos;" selectedimage="file=&apos;checkbox_icon.png&apos; dest=&apos;0,0,15,15&apos; source=&apos;60,0,75,15&apos;" selectedhotimage="file=&apos;checkbox_icon.png&apos; dest=&apos;0,0,15,15&apos; source=&apos;75,0,90,15&apos;" selectedpressimage="file=&apos;checkbox_icon.png&apos; dest=&apos;0,0,15,15&apos; source=&apos;90,0,105,15&apos;" />
                            <Option name="OptionStart" text="开机启动软件" float="true" pos="58,92,146,107" textpadding="16,0,0,0" textcolor="#FF000000" disabledtextcolor="#FFA7A6AA" normalimage="file=&apos;checkbox_icon.png&apos; dest=&apos;0,0,15,15&apos; source=&apos;0,0,15,15&apos;" hotimage="file=&apos;checkbox_icon.png&apos; dest=&apos;0,0,15,15&apos; source=&apos;15,0,30,15&apos;" pushedimage="file=&apos;checkbox_icon.png&apos; dest=&apos;0,0,15,15&apos; source=&apos;30,0,45,15&apos;" selectedimage="file=&apos;checkbox_icon.png&apos; dest=&apos;0,0,15,15&apos; source=&apos;60,0,75,15&apos;" selectedhotimage="file=&apos;checkbox_icon.png&apos; dest=&apos;0,0,15,15&apos; source=&apos;75,0,90,15&apos;" selectedpressimage="file=&apos;checkbox_icon.png&apos; dest=&apos;0,0,15,15&apos; source=&apos;90,0,105,15&apos;" />
                            <Label name="LabelUI13" float="true" pos="40,9,490,10" bkcolor="#FFE1E1E1" textcolor="#FF000000" disabledtextcolor="#FFA7A6AA" />
                            <Label name="LabelUI14" float="true" pos="40,194,490,195" bkcolor="#FFE1E1E1" textcolor="#FF000000" disabledtextcolor="#FFA7A6AA" />
                        </HorizontalLayout>
                        <HorizontalLayout name="HorizontalLayoutUI25" pos="0,0,0,50" height="50">
                            <HorizontalLayout name="HorizontalLayoutUI26">
                                <Label name="LabelUI12" text="登录官方网站了解更多安全信息。&lt;a href=&quot;http://110.taobao.com&quot;&gt;http://110.taobao.com&lt;/a&gt;" float="true" pos="10,14,330,36" textcolor="#FF000000" disabledtextcolor="#FFA7A6AA" showhtml="true" />
                            </HorizontalLayout>
                            <HorizontalLayout name="HLayoutBtn" pos="0,0,170,50" width="170" height="50">
                                <Button name="BtnBack" text="上一步" float="true" pos="10,10,80,40" textcolor="#FF000000" disabledtextcolor="#FFA7A6AA" align="center" normalimage="file=&apos;InstallBtn.png&apos; dest=&apos;0,0,164,38&apos; source=&apos;0,0,164,38&apos; corner=&apos;8,8,8,8&apos;" hotimage="file=&apos;InstallBtn.png&apos; dest=&apos;0,0,162,38&apos; source=&apos;0,38,162,76&apos; corner=&apos;8,8,8,8&apos;" pushedimage="file=&apos;InstallBtn.png&apos; dest=&apos;0,0,162,38&apos; source=&apos;0,76,162,114&apos; corner=&apos;8,8,8,8&apos;" />
                                <Button name="BtnComplete" text="完成" float="true" pos="90,10,160,40" textcolor="#FF000000" disabledtextcolor="#FFA7A6AA" align="center" normalimage="file=&apos;InstallBtn.png&apos; dest=&apos;0,0,164,38&apos; source=&apos;0,0,164,38&apos; corner=&apos;8,8,8,8&apos;" hotimage="file=&apos;InstallBtn.png&apos; dest=&apos;0,0,162,38&apos; source=&apos;0,38,162,76&apos; corner=&apos;8,8,8,8&apos;" pushedimage="file=&apos;InstallBtn.png&apos; dest=&apos;0,0,162,38&apos; source=&apos;0,76,162,114&apos; corner=&apos;8,8,8,8&apos;" />
                            </HorizontalLayout>
                        </HorizontalLayout>
                    </VerticalLayout>
                </TabLayout>
            </VerticalLayout>
        </VerticalLayout>
    </VerticalLayout>
</Window>
