﻿<?xml version="1.0" encoding="UTF-8"?>
<Window size="400,220" sizebox="4,4,6,6" caption="0,0,0,35" mininfo="267,645" roundcorner="5,5" layered="true">
	<Font name="微软雅黑" size="13" bold="false" italic="false" />
	<Font name="微软雅黑" size="16" bold="false" italic="false" />
    <Font name="楷体" size="16" bold="false" italic="false" />
    <Font name="微软雅黑" size="20" bold="false" italic="false" />
    <VerticalLayout name="VLayoutTotal" bkcolor="#FFFFFFFF" borderround="5,5">
		<VerticalLayout name="WinBorder" inset="0,0,0,1" bkimage="file=&apos;border.png&apos; corner=&apos;5,5,5,5&apos; mask=&apos;0xffffffff&apos; ">
			<HorizontalLayout name="HLayoutTitle" pos="0,0,0,35">
				<HorizontalLayout name="HLayoutSys" pos="5,0,300,35" height="35">
					<Label name="Title" float="true" pos="10,0,300,35" text="关于系统信息查看工具" font="3"/>
				</HorizontalLayout>
				<Control />
				<HorizontalLayout name="HLayoutSys" pos="0,0,38,20" width="38" height="20">
					<Button name="BtnClose" tooltip="关闭" float="true" pos="0,0,38,20" textcolor="#FF000000" disabledtextcolor="#FFA7A6AA" align="center" normalimage="file=&apos;BtnClose.png&apos; source=&apos;0,0,39,20&apos;" hotimage="file=&apos;BtnClose.png&apos; source=&apos;39,0,78,20&apos;" pushedimage="file=&apos;BtnClose.png&apos; source=&apos;78,0,117,20&apos;" />
				</HorizontalLayout>
			</HorizontalLayout>
			<VerticalLayout name="HLayoutBody">
				<VerticalLayout>
					<Label name="Logo" float="true" pos="125,40,0,0" width="148" height="62" bkimage="logo.png"/>
				</VerticalLayout>
				<VerticalLayout pos="0,0,0,50" height="50" padding="1,0,1,0" bkcolor="#FFCDCDCD" borderround="5,5">
					<Label name="BuildTime" textcolor="#FF000000" text="编译时间:2016-06-17 12:00:00" float="true" pos="5,0,395,25" align="center" font="0"/>
					<Label name="CopyRight" textcolor="#FF000000" text="CopyRight © 2013-2016 , All Rights Reserved" float="true"  pos="5,25,395,50" align="center" font="0" />
				</VerticalLayout>
			</VerticalLayout>
			<HorizontalLayout name="HLayoutFoot" visible="false" >
			</HorizontalLayout>
		</VerticalLayout>
	</VerticalLayout>
</Window>