﻿<?xml version="1.0" encoding="UTF-8"?>
<Window size="600,250" sizebox="4,4,6,6" caption="0,0,0,35" mininfo="267,645" roundcorner="5,5" layered="true">
	<Font name="微软雅黑" size="16" bold="false" italic="false" />
    <Font name="楷体" size="16" bold="false" italic="false" />
    <Font name="微软雅黑" size="12" bold="false" italic="false" />
	<Default name="VScrollBar" value="showscrollbar=&quot;false&quot; width=&quot;10&quot; showbutton1=&quot;false&quot; showbutton2=&quot;false&quot; thumbnormalimage=&quot;file=&apos;vscrollbarthumb.png&apos; source=&apos;0,0,10,42&apos; corner=&apos;5,5,5,5&apos;&quot; thumbhotimage=&quot;file=&apos;vscrollbarthumb.png&apos; source=&apos;10,0,20,42&apos; corner=&apos;5,5,5,5&apos;&quot; thumbpushedimage=&quot;file=&apos;vscrollbarthumb.png&apos; source=&apos;20,0,30,42&apos; corner=&apos;5,5,5,5&apos;&quot; bknormalimage=&quot;file=&apos;vscrollbar_bkg.png&apos; corner=&apos;5,5,5,5&apos;&quot;" />
	<Default name="List" value="scrollstepsize=&quot;50&quot; vscrollbar=&quot;true&quot; hscrollbar=&quot;true&quot; itemalign=&quot;left&quot; itemaltbk=&quot;true&quot; itemtextpadding=&quot;5,0,0,0&quot; itemlinecolor=&quot;#FF939393&quot;" />
	<Style name="Radio" value="textpadding=&quot;18,0,0,0&quot; disabledtextcolor=&quot;#FFA7A6AA&quot; font=&quot;0&quot; align=&quot;center&quot; normalimage=&quot;file=&apos;checkbox_icon.png&apos; source=&apos;0,0,15,15&apos; dest=&apos;0,5,15,20&apos;&quot; hotimage=&quot;file=&apos;checkbox_icon.png&apos; source=&apos;15,0,30,15&apos; dest=&apos;0,5,15,20&apos;&quot; pushedimage=&quot;file=&apos;checkbox_icon.png&apos; source=&apos;30,0,45,15&apos; dest=&apos;0,5,15,20&apos;&quot; selectedimage=&quot;file=&apos;checkbox_icon.png&apos; source=&apos;75,0,90,15&apos; dest=&apos;0,5,15,20&apos;&quot; selectedpressimage=&quot;file=&apos;checkbox_icon.png&apos; source=&apos;90,0,105,15&apos; dest=&apos;0,5,15,20&apos;&quot;" />
    <VerticalLayout name="VLayoutTotal" bkcolor="#FFFEFEFE">
		<VerticalLayout name="WinBorder" bkimage="file=&apos;border.png&apos; corner=&apos;5,5,5,5&apos; mask=&apos;0xffffffff&apos;">
			<HorizontalLayout name="HLayoutTitle" pos="0,0,0,35" >
				<Control />
				<HorizontalLayout name="HLayoutSys" pos="0,0,38,20" width="38" height="20">
					<Button name="BtnClose" tooltip="关闭" float="true" pos="0,0,38,20" textcolor="#FF000000" disabledtextcolor="#FFA7A6AA" align="center" normalimage="file=&apos;BtnClose.png&apos; source=&apos;0,0,39,20&apos;" hotimage="file=&apos;BtnClose.png&apos; source=&apos;39,0,78,20&apos;" pushedimage="file=&apos;BtnClose.png&apos; source=&apos;78,0,117,20&apos;" />
				</HorizontalLayout>
			</HorizontalLayout>
			<VerticalLayout >
				<HorizontalLayout height="25">
					<Option text="网关模式" name="gateway" font="0" float="true" pos="10,0,90,20" group="block" style="Radio" selected="true"/>
					<Option text="主机模式" enabled="false" name="host" font="0" float="true" pos="100,0,180,20" group="block" style="Radio"/>
				</HorizontalLayout>
				<HorizontalLayout height="60">
					<Label text="目的IP:" font="0" float="true" pos="10,0,65,20"/>
					<IPAddress name="TargetIP" inset="0,3,0,3" float="true" pos="70,0,220,25" normalimage="file=&apos;Edit.png&apos; source=&apos;0,0,30,26&apos; corner=&apos;5,5,5,5&apos;" hotimage="file=&apos;Edit.png&apos; source=&apos;30,0,60,26&apos; corner=&apos;5,5,5,5&apos;" focusedimage="file=&apos;Edit.png&apos; source=&apos;30,0,60,26&apos; corner=&apos;5,5,5,5&apos;"/>
					<Label text="目的MAC:" font="0" float="true" pos="230,0,305,20" />
					<Edit2 name="TargetMAC" font="0" float="true" pos="310,0,480,25" textpadding="4,3,4,3" normalimage="file=&apos;Edit.png&apos; source=&apos;0,0,30,26&apos; corner=&apos;5,5,5,5&apos;" hotimage="file=&apos;Edit.png&apos; source=&apos;30,0,60,26&apos; corner=&apos;5,5,5,5&apos;" focusedimage="file=&apos;Edit.png&apos; source=&apos;30,0,60,26&apos; corner=&apos;5,5,5,5&apos;"/>
					<Label text="模拟IP:" font="0" float="true" pos="10,30,65,50" />
					<IPAddress name="SourceIP" inset="0,4,0,3" float="true" pos="70,30,220,55" normalimage="file=&apos;Edit.png&apos; source=&apos;0,0,30,26&apos; corner=&apos;5,5,5,5&apos;" hotimage="file=&apos;Edit.png&apos; source=&apos;30,0,60,26&apos; corner=&apos;5,5,5,5&apos;" focusedimage="file=&apos;Edit.png&apos; source=&apos;30,0,60,26&apos; corner=&apos;5,5,5,5&apos;"/>
					<Label text="模拟MAC:" font="0" float="true" pos="230,30,305,50"/>
					<Edit2 name="SourceMAC" font="0" float="true" pos="310,30,480,55" textpadding="4,3,4,3" normalimage="file=&apos;Edit.png&apos; source=&apos;0,0,30,26&apos; corner=&apos;5,5,5,5&apos;" hotimage="file=&apos;Edit.png&apos; source=&apos;30,0,60,26&apos; corner=&apos;5,5,5,5&apos;" focusedimage="file=&apos;Edit.png&apos; source=&apos;30,0,60,26&apos; corner=&apos;5,5,5,5&apos;"/>
				</HorizontalLayout>
				<HorizontalLayout>
					<Button name="BtnCancel" visible="false" text="取消" float="true" pos="150,162,230,192" textcolor="#FF000000" disabledtextcolor="#FFA7A6AA" font="0" align="center" normalimage="file=&apos;InstallBtn.png&apos; dest=&apos;0,0,164,38&apos; source=&apos;0,0,164,38&apos; corner=&apos;8,8,8,8&apos;" hotimage="file=&apos;InstallBtn.png&apos; dest=&apos;0,0,162,38&apos; source=&apos;0,38,162,76&apos; corner=&apos;8,8,8,8&apos;" pushedimage="file=&apos;InstallBtn.png&apos; dest=&apos;0,0,162,38&apos; source=&apos;0,76,162,114&apos; corner=&apos;8,8,8,8&apos;" />
					<Button name="BtnOk" text="确定" float="true" pos="0,0,100,35" textcolor="#FF000000" disabledtextcolor="#FFA7A6AA" font="0" align="center" normalimage="file=&apos;InstallBtn.png&apos; dest=&apos;0,0,164,38&apos; source=&apos;0,0,164,38&apos; corner=&apos;8,8,8,8&apos;" hotimage="file=&apos;InstallBtn.png&apos; dest=&apos;0,0,162,38&apos; source=&apos;0,38,162,76&apos; corner=&apos;8,8,8,8&apos;" pushedimage="file=&apos;InstallBtn.png&apos; dest=&apos;0,0,162,38&apos; source=&apos;0,76,162,114&apos; corner=&apos;8,8,8,8&apos;" />
				</HorizontalLayout>
				<HorizontalLayout>
					
				</HorizontalLayout>				
			</VerticalLayout>
			<Control height="2"/>
		</VerticalLayout>
	</VerticalLayout>
</Window>