﻿<?xml version="1.0" encoding="utf-8"?>
<Window roundcorner="5,5">
  <Font name="微软雅黑" size="12" bold="false" default="true" />
  <Font name="微软雅黑" size="12" bold="true"/>
  <Default name="Menu" value="inset=&quot;2,2,2,2&quot; itemtextpadding=&quot;30,0,0,0&quot; bkimage=&quot;file='menu_bk.png' corner='30,8,8,8'&quot; mask=&quot;#FFFFFFFF&quot; hole=&quot;false&quot;" />
  <Menu name="ScanResultMenu">
  	<MenuElement text="复制IP地址" name="CopyIPAddress"/>
	<MenuElement text="复制MAC地址" name="CopyMacAddress"/>
	<MenuElement text="复制备注名字" name="CopyUserName"/>
	<MenuElement linetype="true" />
	<MenuElement text="添加到唤醒列表" name="WakeOnLan" visible="false" bkimage="file='mute.png' dest='6,6,17,17'"/>
	<MenuElement text="添加备注名字" name="AddUserName" bkimage="file='mute.png' dest='6,6,17,17'"/>
    <MenuElement text="绑定静态MAC地址" name="StaticMac" bkimage="file='imonline.png' dest='6,6,17,17'"/>
	<MenuElement linetype="true" />
	<MenuElement text="远程桌面" name="RemoteDesk" bkimage="file='rdp.png' dest='2,4,21,21'"/>
	<MenuElement text="阻断网络" name="BlockNet" bkimage="file='busy.png' dest='6,6,17,17'"/>
	<MenuElement text="Ping地址" name="Ping" bkimage="file='cmd.png' dest='4,4,20,20'"/>
	<MenuElement text="HTTP访问" name="HttpRequest" bkimage="file='busy.png' dest='6,6,17,17'"/>
  </Menu>
</Window>