<?xml version="1.0" encoding="utf-8" standalone="yes" ?>
<Window size="73,154" >
<HorizontalLayout  bkcolor="#FFFFFFFF" bordercolor="#FFC5C5C5" bordersize="1" >
    <VerticalLayout width="45" >
    	<Label text="100%" height="20" width="45" textpadding="10,0,0,0" padding="0,5,0,0" />
    	<Label text="50%" height="20" width="45" textpadding="10,0,0,0" padding="0,40,0,0" />
    	<Label text="0%" height="20" width="45" textpadding="10,0,0,0" padding="0,40,0,0" />
    </VerticalLayout>
    <Slider name="Widget_slider" height="152" width="21" hor="false" min="0" max="255" value="0" step="1" padding="0,1,0,0" bkimage="file='UI\skin\SliderBK.png'"  isstretchfore="false" thumbimage="file='UI\skin\thumb_normal.png'" thumbhotimage="file='UI\skin\thumb_hover.png'"  thumbpushedimage="file='UI\skin\thumb_hover.png'" thumbsize="21,21" sendmove="true" />
</HorizontalLayout>
</Window>
