<?xml version="1.0" encoding="UTF-8"?>
<Window>
	<Default name="VScrollBar" value="showscrollbar=&quot;false&quot; width=&quot;10&quot; showbutton1=&quot;false&quot; showbutton2=&quot;false&quot; thumbnormalimage=&quot;file=&apos;vscrollbarthumb.png&apos; source=&apos;0,0,10,42&apos; corner=&apos;5,5,5,5&apos;&quot; thumbhotimage=&quot;file=&apos;vscrollbarthumb.png&apos; source=&apos;10,0,20,42&apos; corner=&apos;5,5,5,5&apos;&quot; thumbpushedimage=&quot;file=&apos;vscrollbarthumb.png&apos; source=&apos;20,0,30,42&apos; corner=&apos;5,5,5,5&apos;&quot; bknormalimage=&quot;file=&apos;vscrollbar_bkg.png&apos; corner=&apos;5,5,5,5&apos;&quot;" />
	<Default name="List" value="scrollstepsize=&quot;50&quot; vscrollbar=&quot;true&quot; hscrollbar=&quot;true&quot; itemalign=&quot;left&quot; itemaltbk=&quot;true&quot; itemtextpadding=&quot;5,0,0,0&quot; itemlinecolor=&quot;#FF939393&quot;" />
	<Default name="ListHeaderItem" value="sepimage=&quot;file=&apos;ListHeadSep.png&apos;&quot; sepwidth=&quot;1&quot;"/>
	<Default name="Combo" value="textpadding=&quot;4,1,1,1&quot; normalimage=&quot;file=&apos;combo.png&apos; source=&apos;0,0,100,22&apos; corner=&apos;2,2,20,2&apos;&quot; hotimage=&quot;file=&apos;combo.png&apos; source=&apos;0,22,100,44&apos; corner=&apos;2,2,22,2&apos;&quot; pushedimage=&quot;file=&apos;combo.png&apos; source=&apos;0,44,100,66&apos; corner=&apos;2,2,22,2&apos;&quot; focusedimage=&quot;file=&apos;combo.png&apos; source=&apos;0,44,100,66&apos; corner=&apos;2,2,22,2&apos;&quot;" />
	<Style name="Radio" value="disabledtextcolor=&quot;#FFA7A6AA&quot; font=&quot;0&quot; align=&quot;center&quot; normalimage=&quot;file=&apos;checkbox_icon.png&apos; source=&apos;0,0,15,15&apos; dest=&apos;0,5,15,20&apos;&quot; hotimage=&quot;file=&apos;checkbox_icon.png&apos; source=&apos;15,0,30,15&apos; dest=&apos;0,5,15,20&apos;&quot; pushedimage=&quot;file=&apos;checkbox_icon.png&apos; source=&apos;30,0,45,15&apos; dest=&apos;0,5,15,20&apos;&quot; selectedimage=&quot;file=&apos;checkbox_icon.png&apos; source=&apos;75,0,90,15&apos; dest=&apos;0,5,15,20&apos;&quot; selectedpressimage=&quot;file=&apos;checkbox_icon.png&apos; source=&apos;90,0,105,15&apos; dest=&apos;0,5,15,20&apos;&quot;" />
	<VerticalLayout name="VLayout">
		<VerticalLayout name="VLayoutNet" height="30" bkcolor="#FFDEDEDE" >
			<Option name="OptionUI1" font="0" text="适配器状态" tooltip="适配器状态" userdata="0" float="true" pos="15,2,85,30" group="network" selected="true"/>
			<Option name="OptionUI2" font="0" text="连接状态" tooltip="连接状态" userdata="1" float="true" pos="97,2,167,30" group="network" />
			<Option name="OptionUI3" font="0" text="路由状态" tooltip="路由状态" userdata="2" float="true" pos="179,2,249,30" group="network"/>
			<Option name="OptionUI4" font="0" text="服务提供" tooltip="服务提供" userdata="3" float="true" pos="261,2,331,30" group="network" />
			<Option name="OptionUI5" font="0" text="主机扫描" tooltip="主机扫描" userdata="4" float="true" pos="343,2,413,30" group="network" />
			<!-- <Option name="OptionUI6" font="0" text="网络抓包" tooltip="网络抓包" userdata="5" float="true" pos="425,1,495,30" group="network" /> -->
            <!-- <Option name="OptionUI7" font="0" text="电脑门诊" tooltip="电脑门诊" userdata="6" float="true" pos="507,1,577,30" group="network" /> -->
			<Option name="OptionUI8" font="0" text="无线网络" tooltip="无线网络" userdata="5" float="true" pos="425,2,495,30" group="network" />  <!--"589,1,659,30"-->
			<Option name="OptionUI9" font="0" text="SNMP" tooltip="SNMP" userdata="6" float="true" pos="507,2,577,30" group="network" />
		</VerticalLayout>
		<TabLayout name="NetWizard" Padding="1,0,1,1">
			<VerticalLayout virtualwnd="adapter"  name="VLayoutAdapter" inset="0,0,0,2">
				<TreeView name="Adapter" visiblefolderbtn="false" vscrollbar="true" visiblecheckbtn="false" >
				</TreeView>
			</VerticalLayout>
			<VerticalLayout virtualwnd="connect" name="VLayoutConnect" >
				<List name="Connect" menu="true" itemfont="0" hscrollbar="false" scrollstepsize="100">
					<ListHeader bkimage="file=&apos;listheadbk.png&apos; corner=&apos;1,1,1,1&apos;">
						<ListHeaderItem text="协议" width="50" sepimage="file=&apos;ListHeadSep.png&apos;" sepwidth="1"/>
						<ListHeaderItem text="本地地址" width="130" sepimage="file=&apos;ListHeadSep.png&apos;" sepwidth="1"/>
						<ListHeaderItem text="外部地址" width="120" sepimage="file=&apos;ListHeadSep.png&apos;" sepwidth="1"/>
						<ListHeaderItem text="状态" width="80" sepimage="file=&apos;ListHeadSep.png&apos;" sepwidth="1"/>
						<ListHeaderItem text="创建时间" width="60" sepimage="file=&apos;ListHeadSep.png&apos;" sepwidth="1"/>
						<ListHeaderItem text="进程ID" width="40"  epimage="file=&apos;ListHeadSep.png&apos;" sepwidth="1"/>
						<ListHeaderItem text="进程(服务)名" width="120" sepimage="file=&apos;ListHeadSep.png&apos;" sepwidth="1"/>
						<ListHeaderItem text="路径名称" width="300" sepimage="file=&apos;ListHeadSep.png&apos;" sepwidth="1"/>
					</ListHeader>
				</List>
				<Control height="3"/>
			</VerticalLayout>
			<VerticalLayout virtualwnd="route" name="VLayoutRoute" >
				<List name="Route" menu="true" itemfont="0" >
					<ListHeader bkimage="file=&apos;listheadbk.png&apos; corner=&apos;1,1,1,1&apos;">						
						<ListHeaderItem text="目标地址" width="120"/>
						<ListHeaderItem text="掩码" width="120" />
						<ListHeaderItem text="网关" width="120" />
						<ListHeaderItem text="接口" width="120" />
						<ListHeaderItem text="接口名称" />
						<ListHeaderItem text="跃点数" width="50"/>
					</ListHeader>
				</List>
			</VerticalLayout>
			<VerticalLayout virtualwnd="provider" name="VLayoutProvider" >
				<List name="Provider" menu="true" itemfont="0" >
					<ListHeader bkimage="file=&apos;listheadbk.png&apos; corner=&apos;1,1,1,1&apos;">
						<ListHeaderItem text="编号" width="30" />
						<ListHeaderItem text="服务名称" width="300"/>
						<ListHeaderItem text="标识ID" width="50"/>
						<ListHeaderItem text="版本" width="30"/>
						<ListHeaderItem text="协议族" width="80"/>
						<ListHeaderItem text="协议号" width="80"/>
						<ListHeaderItem text="协议链" width="40"/>
						<ListHeaderItem text="服务程序路径" />
					</ListHeader>
				</List>
			</VerticalLayout>
			<VerticalLayout virtualwnd="scan" name="VLayoutScan" >
				<HorizontalLayout>
					<VerticalLayout width="247">
						<HorizontalLayout name="HLayoutScanSetting" pos="0,0,247,209" width="247" height="199" bkimage="file='InfoBox.png' corner='10,30,10,10' dest='2,2,245,200'">
							<Label name="LabelUI1" text="扫描设置" font="1" float="true" pos="8,0,247,26" textpadding="5,0,0,0" textcolor="#FFFFFFFF" disabledtextcolor="#FFA7A6AA" />
							<Label name="LabelUI2" text="结束地址:" float="true" pos="10,70,60,92" textcolor="#00000000" disabledtextcolor="#FFA7A6AA" font="0" />
							<Label name="LabelUI3" text="起始地址:" float="true" pos="10,37,60,59" textcolor="#00000000" disabledtextcolor="#FFA7A6AA" font="0" />
							<Label name="LabelUI4" text="扫描选项:" float="true" pos="10,105,60,127" textcolor="#00000000" disabledtextcolor="#FFA7A6AA" font="0" />
							<!--<Edit2 name="EditStartIP" float="true" pos="68,37,213,60" bkcolor="#FFFFFFFF" textpadding="4,3,4,3" textcolor="#FF000000" disabledtextcolor="#FFA7A6AA" font="0" normalimage="file=&apos;Edit.png&apos; source=&apos;0,0,30,26&apos; corner=&apos;5,5,5,5&apos;" hotimage="file=&apos;Edit.png&apos; source=&apos;30,0,60,26&apos; corner=&apos;5,5,5,5&apos;" focusedimage="file=&apos;Edit.png&apos; source=&apos;30,0,60,26&apos; corner=&apos;5,5,5,5&apos;"/>-->
							<!--<Edit2 name="EditEndIP" float="true" pos="68,70,213,93" bkcolor="#FFFFFFFF" textpadding="4,3,4,3" textcolor="#FF000000" disabledtextcolor="#FFA7A6AA" font="0" normalimage="file=&apos;Edit.png&apos; source=&apos;0,0,30,26&apos; corner=&apos;5,5,5,5&apos;" hotimage="file=&apos;Edit.png&apos; source=&apos;30,0,60,26&apos; corner=&apos;5,5,5,5&apos;" focusedimage="file=&apos;Edit.png&apos; source=&apos;30,0,60,26&apos; corner=&apos;5,5,5,5&apos;" />-->
							<IPAddress name="EditStartIP" inset="0,4,0,3" pos="68,35,210,60" float="true" align="center" font="0" normalimage="file=&apos;Edit.png&apos; source=&apos;0,0,30,26&apos; corner=&apos;5,5,5,5&apos;" hotimage="file=&apos;Edit.png&apos; source=&apos;30,0,60,26&apos; corner=&apos;5,5,5,5&apos;" focusedimage="file=&apos;Edit.png&apos; source=&apos;30,0,60,26&apos; corner=&apos;5,5,5,5&apos;" />
							<IPAddress name="EditEndIP" inset="0,4,0,3" pos="68,68,210,93" float="true" align="center" font="0" normalimage="file=&apos;Edit.png&apos; source=&apos;0,0,30,26&apos; corner=&apos;5,5,5,5&apos;" hotimage="file=&apos;Edit.png&apos; source=&apos;30,0,60,26&apos; corner=&apos;5,5,5,5&apos;" focusedimage="file=&apos;Edit.png&apos; source=&apos;30,0,60,26&apos; corner=&apos;5,5,5,5&apos;" />
							<Button name="BtnIpRange" float="true" pos="210,70,243,93" normalimage="file=&apos;InstallBtn.png&apos; dest=&apos;0,0,164,38&apos; source=&apos;0,0,164,38&apos; corner=&apos;8,8,8,8&apos;" hotimage="file=&apos;InstallBtn.png&apos; dest=&apos;0,0,162,38&apos; source=&apos;0,38,162,76&apos; corner=&apos;8,8,8,8&apos;" pushedimage="file=&apos;InstallBtn.png&apos; dest=&apos;0,0,162,38&apos; source=&apos;0,76,162,114&apos; corner=&apos;8,8,8,8&apos;" foreimage="file='15_10.png' dest='9,7,24,17'"/>
							<Option name="BtnOpARP" text="ARP扫描" float="true" enabled="false" pos="68,107,140,126" textpadding="16,0,0,0" textcolor="#00FFFFFF" disabledtextcolor="#FFA7A6AA" font="0" normalimage="file=&apos;checkbox_icon.png&apos; dest=&apos;0,2,15,17&apos; source=&apos;0,0,15,15&apos;" hotimage="file=&apos;checkbox_icon.png&apos; dest=&apos;0,2,15,17&apos; source=&apos;15,0,30,15&apos;" pushedimage="file=&apos;checkbox_icon.png&apos; dest=&apos;0,2,15,17&apos; source=&apos;30,0,45,15&apos;" selected="true" selectedimage="file=&apos;checkbox_icon.png&apos; dest=&apos;0,2,15,17&apos; source=&apos;60,0,75,15&apos;" selectedhotimage="file=&apos;checkbox_icon.png&apos; dest=&apos;0,2,15,17&apos; source=&apos;75,0,90,15&apos;" selectedpressimage="file=&apos;checkbox_icon.png&apos; dest=&apos;0,2,15,17&apos; source=&apos;90,0,105,15&apos;" />
							<Option name="BtnOpPING" text="PING扫描" float="true" pos="149,107,221,126" textpadding="16,0,0,0" textcolor="#00000000" disabledtextcolor="#FFA7A6AA" font="0" normalimage="file=&apos;checkbox_icon.png&apos; dest=&apos;0,2,15,17&apos; source=&apos;0,0,15,15&apos;" hotimage="file=&apos;checkbox_icon.png&apos; dest=&apos;0,2,15,17&apos; source=&apos;15,0,30,15&apos;" pushedimage="file=&apos;checkbox_icon.png&apos; dest=&apos;0,2,15,17&apos; source=&apos;30,0,45,15&apos;" selected="true" selectedimage="file=&apos;checkbox_icon.png&apos; dest=&apos;0,2,15,17&apos; source=&apos;60,0,75,15&apos;" selectedhotimage="file=&apos;checkbox_icon.png&apos; dest=&apos;0,2,15,17&apos; source=&apos;75,0,90,15&apos;" selectedpressimage="file=&apos;checkbox_icon.png&apos; dest=&apos;0,2,15,17&apos; source=&apos;90,0,105,15&apos;" />
							<Option name="BtnOpHostName" text="主机名扫描" float="true" pos="68,137,148,156" textpadding="16,0,0,0" textcolor="#00000000" disabledtextcolor="#FFA7A6AA" font="0" normalimage="file=&apos;checkbox_icon.png&apos; dest=&apos;0,2,15,17&apos; source=&apos;0,0,15,15&apos;" hotimage="file=&apos;checkbox_icon.png&apos; dest=&apos;0,2,15,17&apos; source=&apos;15,0,30,15&apos;" pushedimage="file=&apos;checkbox_icon.png&apos; dest=&apos;0,2,15,17&apos; source=&apos;30,0,45,15&apos;" selected="true" selectedimage="file=&apos;checkbox_icon.png&apos; dest=&apos;0,2,15,17&apos; source=&apos;60,0,75,15&apos;" selectedhotimage="file=&apos;checkbox_icon.png&apos; dest=&apos;0,2,15,17&apos; source=&apos;75,0,90,15&apos;" selectedpressimage="file=&apos;checkbox_icon.png&apos; dest=&apos;0,2,15,17&apos; source=&apos;90,0,105,15&apos;" />
							<Button name="BtnBeginScan" text="开始扫描" float="true" pos="150,162,230,192" textcolor="#FF000000" disabledtextcolor="#FFA7A6AA" font="0" align="center" normalimage="file=&apos;InstallBtn.png&apos; dest=&apos;0,0,164,38&apos; source=&apos;0,0,164,38&apos; corner=&apos;8,8,8,8&apos;" hotimage="file=&apos;InstallBtn.png&apos; dest=&apos;0,0,162,38&apos; source=&apos;0,38,162,76&apos; corner=&apos;8,8,8,8&apos;" pushedimage="file=&apos;InstallBtn.png&apos; dest=&apos;0,0,162,38&apos; source=&apos;0,76,162,114&apos; corner=&apos;8,8,8,8&apos;" />
							<Button name="BtnStopScan" text="停止扫描" visible="false" float="true" pos="150,162,230,192" textcolor="#FF000000" disabledtextcolor="#FFA7A6AA" font="0" align="center" normalimage="file=&apos;InstallBtn.png&apos; dest=&apos;0,0,164,38&apos; source=&apos;0,0,164,38&apos; corner=&apos;8,8,8,8&apos;" hotimage="file=&apos;InstallBtn.png&apos; dest=&apos;0,0,162,38&apos; source=&apos;0,38,162,76&apos; corner=&apos;8,8,8,8&apos;" pushedimage="file=&apos;InstallBtn.png&apos; dest=&apos;0,0,162,38&apos; source=&apos;0,76,162,114&apos; corner=&apos;8,8,8,8&apos;" />
						</HorizontalLayout>
						<!--<HorizontalLayout name="NetTools" width="247" height="100">
							<Label name="IPTool" text="IP计算器" font="1" float="true" pos="0,0,247,26" bkimage="listheadbk.png" textpadding="5,0,0,0" textcolor="#00000000" disabledtextcolor="#FFA7A6AA" />
						</HorizontalLayout>-->
						<HorizontalLayout name="HLayoutScanTools" width="247" bkimage="file='InfoBox.png' corner='10,30,10,10' dest='2,2,245,135'">
							<Label name="AssistTool" text="辅助工具" font="1" float="true" pos="8,0,247,26" textpadding="5,0,0,0" textcolor="#FFFFFFFF" disabledtextcolor="#FFA7A6AA" />
							<Button name="DeleteAllArp" text="清除所有ARP表" float="true" pos="10,37,120,59" textcolor="#00000000" disabledtextcolor="#FFA7A6AA" foreimage="file='color.png' dest='1,3,16,18'" textpadding="10,0,0,0" font="0" />
							<Button name="DeleteDynamicArp" text="清除动态ARP表" float="true" pos="125,37,235,59" textcolor="#00000000" disabledtextcolor="#FFA7A6AA" foreimage="file='color.png' dest='1,3,16,18'" textpadding="10,0,0,0" font="0" />
							<Button name="AddStaticArp" text="添加静态ARP表" float="true" pos="10,69,120,91" textcolor="#00000000" disabledtextcolor="#FFA7A6AA" foreimage="file='color.png' dest='1,3,16,18'" textpadding="10,0,0,0" font="0" />
							<Button name="ShowArp" text="查看ARP表" float="true" pos="125,69,210,91" textcolor="#00000000" disabledtextcolor="#FFA7A6AA" foreimage="file='color.png' dest='1,3,16,18'" textpadding="10,0,0,0" font="0"/>
							<Button name="IPTools" text="IP计算器" tooltip="IP地址相关计算" float="true" pos="10,100,84,122" textcolor="#00000000" disabledtextcolor="#FFA7A6AA" foreimage="file='color.png' dest='1,3,16,18'" textpadding="10,0,0,0" font="0" />
							<Button name="WakeOnLAN" tooltip="唤醒处于关机的局域网计算机" text="网络唤醒" float="true" pos="125,100,199,122" textcolor="#00000000" disabledtextcolor="#FFA7A6AA" foreimage="file='color.png' dest='1,3,16,18'" textpadding="10,0,0,0" font="0" />
						</HorizontalLayout>
					</VerticalLayout>
					<Control width="2" bkcolor="#FF54A5D5" />
					<VerticalLayout >
						<List name="Scan" itemfont="0" menu="true" multiselect="false" >
							<ListHeader bkimage="file=&apos;listheadbk.png&apos; corner=&apos;1,1,1,1&apos;" menu="true">						
								<ListHeaderItem text="IP地址" width="100"/>
								<ListHeaderItem text="MAC地址" width="128"/>
								<ListHeaderItem text="网卡厂商" width="100"/>
								<ListHeaderItem text="PING通性" width="60"/>
								<ListHeaderItem text="主机名称" width="150"/>
								<ListHeaderItem text="备注" width="100"/>
							</ListHeader>
						</List>
						<Control height="2"/>
					</VerticalLayout>
				</HorizontalLayout>
			</VerticalLayout>
			<VerticalLayout virtualwnd="wlan" name="VLayoutWlan" >
				<List name="Wlan" menu="true" itemfont="0" >
					<ListHeader bkimage="file=&apos;listheadbk.png&apos; corner=&apos;1,1,1,1&apos;">						
						<ListHeaderItem text="无线名称SSID" />
						<ListHeaderItem text="启动安全" />
						<ListHeaderItem text="认证算法" />
						<ListHeaderItem text="加密算法" />
						<ListHeaderItem text="信号强度" />
					</ListHeader>
				</List>
			</VerticalLayout>
			<VerticalLayout virtualwnd="snmp" name="VLayoutSNMP">
				<HorizontalLayout>
					<VerticalLayout width="247">
						<HorizontalLayout name="HLayout" pos="0,0,247,165" width="247" bkimage="file='InfoBox.png' corner='10,30,10,10' dest='2,2,245,165'">
							<Label name="LabelUI1" text="设备设置" font="1" float="true" pos="8,0,247,26" textpadding="5,0,0,0" textcolor="#FFFFFFFF" disabledtextcolor="#FFA7A6AA" />
							<Label name="LabelUI2" text="设备地址:" align="right" float="true" pos="15,35,65,60" textcolor="#00000000" disabledtextcolor="#FFA7A6AA" font="0" />
							<IPAddress name="DevAddr" inset="0,4,0,3" pos="73,35,230,60" float="true" align="center" font="0" normalimage="file=&apos;Edit.png&apos; source=&apos;0,0,30,26&apos; corner=&apos;5,5,5,5&apos;" hotimage="file=&apos;Edit.png&apos; source=&apos;30,0,60,26&apos; corner=&apos;5,5,5,5&apos;" focusedimage="file=&apos;Edit.png&apos; source=&apos;30,0,60,26&apos; corner=&apos;5,5,5,5&apos;" />
							<Label name="LabelPort" text="端口:" align="right" font="0" float="true" pos="15,65,65,90" textcolor="#00000000" disabledtextcolor="#FFA7A6AA" />
							<Edit2 name="Port" text="161" float="true" pos="73,65,230,90" bkcolor="#FFFFFFFF" textcolor="#FF000000" disabledtextcolor="#FFA7A6AA" font="0" normalimage="file=&apos;Edit.png&apos; source=&apos;0,0,30,26&apos; corner=&apos;5,5,5,5&apos;" hotimage="file=&apos;Edit.png&apos; source=&apos;30,0,60,26&apos; corner=&apos;5,5,5,5&apos;" focusedimage="file=&apos;Edit.png&apos; source=&apos;30,0,60,26&apos; corner=&apos;5,5,5,5&apos;" /> 
							<Label name="LabelVersion" text="版本:" align="right" font="0" float="true" pos="15,95,65,120" textcolor="#00000000" disabledtextcolor="#FFA7A6AA" />
							<Combo name="VersionList" float="true" itemfont="1" dropbox="font=&quot;1&quot;" itemtextpadding="5,0,0,0" pos="73,96,230,119" height="23">
								<ListLabelElement name="ListLabelElementUI1" text="SNMP v1" pos="0,0,0,23" height="23" selected="true"/>
								<ListLabelElement name="ListLabelElementUI2" text="SNMP v2C" pos="0,0,0,23" height="23" />
							</Combo>
							<Label name="LabelPassword" text="团体名:" align="right" font="0" float="true" pos="15,125,65,150" textcolor="#00000000" disabledtextcolor="#FFA7A6AA" />
							<Edit2 name="Password" float="true" pos="73,125,230,150" bkcolor="#FFFFFFFF" textcolor="#FF000000" disabledtextcolor="#FFA7A6AA" font="0" normalimage="file=&apos;Edit.png&apos; source=&apos;0,0,30,26&apos; corner=&apos;5,5,5,5&apos;" hotimage="file=&apos;Edit.png&apos; source=&apos;30,0,60,26&apos; corner=&apos;5,5,5,5&apos;" focusedimage="file=&apos;Edit.png&apos; source=&apos;30,0,60,26&apos; corner=&apos;5,5,5,5&apos;" /> 
						</HorizontalLayout>
						<HorizontalLayout name="HLayoutOidInfo" heigt="125" width="247" bkimage="file='InfoBox.png' corner='10,30,10,10' dest='2,2,245,125'">
							<Label name="OidInfo" text="OID" font="1" float="true" pos="8,0,247,26" textpadding="5,0,0,0" textcolor="#FFFFFFFF" disabledtextcolor="#FFA7A6AA" />
							<Option name="oid" text="指定OID" style="Radio" align="left" textpadding="17,0,0,0" group="oidGroup" float="true" pos="15,30,90,55" font="0" selected="true"/>
							<Edit2 name="oidEdit" float="true" pos="95,30,230,55" bkcolor="#FFFFFFFF" textpadding="4,4,4,4" textcolor="#FF000000" disabledtextcolor="#FFA7A6AA" font="0" normalimage="file=&apos;Edit.png&apos; source=&apos;0,0,30,26&apos; corner=&apos;5,5,5,5&apos;" hotimage="file=&apos;Edit.png&apos; source=&apos;30,0,60,26&apos; corner=&apos;5,5,5,5&apos;" focusedimage="file=&apos;Edit.png&apos; source=&apos;30,0,60,26&apos; corner=&apos;5,5,5,5&apos;" /> 
							<Option name="oidGroup" text="指定OID组" style="Radio" align="left" textpadding="17,0,0,0" group="oidGroup" float="true" pos="15,60,90,85" font="0" />
							<Edit2 name="oidGroupEdit" float="true" pos="95,60,230,85" bkcolor="#FFFFFFFF" textpadding="4,4,4,4" textcolor="#FF000000" disabledtextcolor="#FFA7A6AA" font="0" normalimage="file=&apos;Edit.png&apos; source=&apos;0,0,30,26&apos; corner=&apos;5,5,5,5&apos;" hotimage="file=&apos;Edit.png&apos; source=&apos;30,0,60,26&apos; corner=&apos;5,5,5,5&apos;" focusedimage="file=&apos;Edit.png&apos; source=&apos;30,0,60,26&apos; corner=&apos;5,5,5,5&apos;" /> 
							<Option name="alloid" text="所有OID" style="Radio" align="left" textpadding="17,0,0,0" group="oidGroup" float="true" pos="15,90,90,115" font="0" />
							<Edit2 name="alloidEdit" text="1.3.6" visible="false" float="true" pos="95,90,230,115" bkcolor="#FFFFFFFF" textpadding="4,4,4,4" textcolor="#FF000000" disabledtextcolor="#FFA7A6AA" font="0" normalimage="file=&apos;Edit.png&apos; source=&apos;0,0,30,26&apos; corner=&apos;5,5,5,5&apos;" hotimage="file=&apos;Edit.png&apos; source=&apos;30,0,60,26&apos; corner=&apos;5,5,5,5&apos;" focusedimage="file=&apos;Edit.png&apos; source=&apos;30,0,60,26&apos; corner=&apos;5,5,5,5&apos;" /> 
						</HorizontalLayout>
						<HorizontalLayout name="HLayoutBtn" height="40">
							<Button name="BtnStart" text="开始扫描" float="true" pos="150,3,230,37" textcolor="#FF000000" disabledtextcolor="#FFA7A6AA" font="0" align="center" normalimage="file=&apos;InstallBtn.png&apos; dest=&apos;0,0,164,38&apos; source=&apos;0,0,164,38&apos; corner=&apos;8,8,8,8&apos;" hotimage="file=&apos;InstallBtn.png&apos; dest=&apos;0,0,162,38&apos; source=&apos;0,38,162,76&apos; corner=&apos;8,8,8,8&apos;" pushedimage="file=&apos;InstallBtn.png&apos; dest=&apos;0,0,162,38&apos; source=&apos;0,76,162,114&apos; corner=&apos;8,8,8,8&apos;" />	
						</HorizontalLayout>
						<HorizontalLayout name="HLayoutLnk" heigt="135" width="247" bkimage="file='InfoBox.png' corner='10,30,10,10' dest='2,2,245,135'">
							<Label name="OidInfo" text="查看设备指定信息" font="1" float="true" pos="8,0,247,26" textpadding="5,0,0,0" textcolor="#FFFFFFFF" disabledtextcolor="#FFA7A6AA" />
							<Button name="BtnPowerOn" text="设备开机时间" float="true" pos="10,30,120,52" textcolor="#00000000" disabledtextcolor="#FFA7A6AA" foreimage="file='color.png' dest='1,3,16,18'" textpadding="10,0,0,0" font="0" />
						</HorizontalLayout>
						<Control height="1"/>
					</VerticalLayout>
					<Control width="2" bkcolor="#FF54A5D5" />
					<VerticalLayout >
						<List name="snmpList" itemfont="0" menu="true" multiselect="false" >
							<ListHeader bkimage="file=&apos;listheadbk.png&apos; corner=&apos;1,1,1,1&apos;" menu="true">						
								<ListHeaderItem text="OID" width="150"/>
								<ListHeaderItem text="值" />
								<ListHeaderItem text="长度" width="50"/>
								<ListHeaderItem text="值类型"  width="80"/>
							</ListHeader>
						</List>
						<Control height="2"/>
					</VerticalLayout>
				</HorizontalLayout>
			</VerticalLayout>
		</TabLayout>
	</VerticalLayout>
</Window>

