<?xml version="1.0" encoding="UTF-8"?>
<Window>
	<Default name="VScrollBar" value="showscrollbar=&quot;false&quot; width=&quot;10&quot; showbutton1=&quot;false&quot; showbutton2=&quot;false&quot; thumbnormalimage=&quot;file=&apos;vscrollbarthumb.png&apos; source=&apos;0,0,10,42&apos; corner=&apos;5,5,5,5&apos;&quot; thumbhotimage=&quot;file=&apos;vscrollbarthumb.png&apos; source=&apos;10,0,20,42&apos; corner=&apos;5,5,5,5&apos;&quot; thumbpushedimage=&quot;file=&apos;vscrollbarthumb.png&apos; source=&apos;20,0,30,42&apos; corner=&apos;5,5,5,5&apos;&quot; bknormalimage=&quot;file=&apos;vscrollbar_bkg.png&apos; corner=&apos;5,5,5,5&apos;&quot;" />
	<Default name="HScrollBar" value="showscrollbar=&quot;false&quot; height=&quot;10&quot; showbutton1=&quot;false&quot; showbutton2=&quot;false&quot; thumbnormalimage=&quot;file=&apos;hscrollbarthumb.png&apos; source=&apos;0,0,34,10&apos; corner=&apos;5,5,5,5&apos;&quot; thumbhotimage=&quot;file=&apos;hscrollbarthumb.png&apos; source=&apos;0,10,34,20&apos; corner=&apos;5,5,5,5&apos;&quot; thumbpushedimage=&quot;file=&apos;hscrollbarthumb.png&apos; source=&apos;0,20,34,30&apos; corner=&apos;5,5,5,5&apos;&quot; bknormalimage=&quot;file=&apos;hscrollbar_bkg.png&apos; corner=&apos;5,5,5,5&apos;&quot;" />
	<Default name="List" value="vscrollbar=&quot;true&quot; hscrollbar=&quot;true&quot; itemalign=&quot;left&quot; itemaltbk=&quot;false&quot; itemrowline=&quot;true&quot; itemtextpadding=&quot;5,0,0,0&quot; itemlinecolor=&quot;#FF939393&quot;" />
	<Default name="TreeNode" value="itemtextcolor=&quot;#FFFF0000&quot; itemhottextcolor=&quot;#000000FF&quot; selitemtextcolor=&quot;#000000FF&quot; " />
	<Style name="OptionTab" value="normalimage=&quot;file=&apos;subtab_btn.png&apos; source=&apos;0,0,109,32&apos; &quot; hotimage=&quot;file=&apos;subtab_btn.png&apos; source=&apos;109,0,218,32&apos; &quot; selectedimage=&quot;file=&apos;subtab_btn.png&apos; source=&apos;218,0,327,32&apos;&quot;" />
	<VerticalLayout name="VLayout" >
		<VerticalLayout name="VLayoutTask" height="30" bkimage="subtab_bg.png" >
			<Option name="OptionUI1" font="0" text="应用程序" tooltip="应用程序" userdata="0" style="OptionTab" float="true" pos="8,0,92,29" group="task" selected="true"/>
			<Option name="OptionUI2" font="0" text="进程" tooltip="进程" userdata="1" float="true" style="OptionTab" pos="90,0,174,29" group="task" />
			<Option name="OptionUI3" font="0" text="Win32服务" tooltip="win32服务" userdata="2" style="OptionTab" float="true" pos="172,0,256,29" group="task"/>
			<Option name="OptionUI4" font="0" text="核心服务" tooltip="核心服务" userdata="3" style="OptionTab" float="true" pos="254,0,338,29" group="task" />
			<Option name="OptionUI5" font="0" text="加密服务" tooltip="加密服务" userdata="4" style="OptionTab" float="true" pos="336,0,420,29" group="task" />
			<Option name="OptionUI6" font="0" text="查看证书" tooltip="查看证书" userdata="5" style="OptionTab" float="true" pos="418,0,502,29" group="task" />
			<Option name="OptionUI7" font="0" text="用户" tooltip="用户" userdata="6" float="true" style="OptionTab" pos="500,0,584,29" group="task" />
			<Option name="OptionUI8" font="0" text="计划任务" tooltip="计划任务" userdata="7" float="true" style="OptionTab" pos="580,0,666,29" group="task" />
		</VerticalLayout>
		<TabLayout name="TaskWizard" showanimate="false" > 
			<VerticalLayout name="VLayoutApp" virtualwnd="app">
				<!--<List name="App" menu="true" itemfont="0" itemaltbk="true" itembkcolor="#FFCDCDCD" multiexpanding="true" multiselect="false" vscrollbar="true">
					<ListHeader menu="true" bkimage="file=&apos;listheadbk.png&apos; corner=&apos;1,1,1,1&apos;">
						<ListHeaderItem text="任务" width="200" sepimage="file=&apos;ListHeadSep.png&apos;" sepwidth="1"/>
						<ListHeaderItem text="状态" width="60" sepimage="file=&apos;ListHeadSep.png&apos;" sepwidth="1"/>
					</ListHeader>
				</List>-->
				<FileList name="App" menu="true" vscrollbar="true" itemtextcolor="#FFFF0000" itemrowline="true" itemfont="0">
					<ListHeader menu="true" bkimage="file=&apos;listheadbk.png&apos; corner=&apos;1,1,1,1&apos;">
						<ListHeaderItem text="窗口标题" width="300" sepimage="file=&apos;ListHeadSep.png&apos;" sepwidth="1"/>
						<ListHeaderItem text="类名" width="150" sepimage="file=&apos;ListHeadSep.png&apos;" sepwidth="1"/>
						<ListHeaderItem text="状态" width="70" sepimage="file=&apos;ListHeadSep.png&apos;" sepwidth="1"/>
					</ListHeader>
					<!-- <FileListItem height="27">
						<HorizontalLayout>
							<CheckBox name="check" visible="false" />
							<Picture name="Pic" visible="false" width="16" height="16" foreimage="file=&apos;Title.png&apos;" />
							<Label name="Item" text="asdfadsf" />
						</HorizontalLayout>
						<HorizontalLayout>
							<Picture name="Pic" visible="false" width="16" height="16" float="true" pos="8,5,0,0" foreimage="file=&apos;Title.png&apos;" />
							<Label name="ItemInfo" text="adsadsfa" align="center"/>
						</HorizontalLayout>
					</FileListItem> -->
				</FileList>
				<Control height="3"/>
			</VerticalLayout>
			<VerticalLayout name="VLayoutProcess" virtualwnd="process">
				<List name="Process" menu="true" itemfont="0" itemendellipsis="true" scrollstepsize="80">
					<ListHeader bkimage="file=&apos;listheadbk.png&apos; corner=&apos;1,1,1,1&apos;">				
						<ListHeaderItem text="进程名" width="150" sepimage="file=&apos;ListHeadSep.png&apos;" sepwidth="1"/>
						<ListHeaderItem text="PID" width="50" sepimage="file=&apos;ListHeadSep.png&apos;" sepwidth="1"/>
						<ListHeaderItem text="用户名" width="135" sepimage="file=&apos;ListHeadSep.png&apos;" sepwidth="1"/>
						<ListHeaderItem text="内存使用" width="85" sepimage="file=&apos;ListHeadSep.png&apos;" sepwidth="1"/>
						<ListHeaderItem text="CPU使用" width="60" sepimage="file=&apos;ListHeadSep.png&apos;" sepwidth="1"/>
						<ListHeaderItem text="线程使用" width="60" sepimage="file=&apos;ListHeadSep.png&apos;" sepwidth="1"/>
						<ListHeaderItem text="句柄使用" width="60" sepimage="file=&apos;ListHeadSep.png&apos;" sepwidth="1"/>
						<ListHeaderItem text="描述" sepimage="file=&apos;ListHeadSep.png&apos;" sepwidth="1"/>
					</ListHeader>
				</List>
			</VerticalLayout>
			<VerticalLayout name="VLayoutService" virtualwnd="services" linesize="5">
				<List name="Service" menu="true" itemfont="0" multiselect="true" itemendellipsis="true" multiexpanding="true" scrollstepsize="120">
					<ListHeader bkimage="file=&apos;listheadbk.png&apos; corner=&apos;1,1,1,1&apos;">			
						<ListHeaderItem text="名称" width="120" sepimage="file=&apos;ListHeadSep.png&apos;" sepwidth="1"/>
						<ListHeaderItem text="显示名称" width="150" sepimage="file=&apos;ListHeadSep.png&apos;" sepwidth="1"/>
						<ListHeaderItem text="进程ID" sepimage="file=&apos;ListHeadSep.png&apos;" width="50" sepwidth="1"/>
						<ListHeaderItem text="状态" sepimage="file=&apos;ListHeadSep.png&apos;" width="60" sepwidth="1"/>
						<ListHeaderItem text="启动类型" sepimage="file=&apos;ListHeadSep.png&apos;" width="60" sepwidth="1"/>
						<ListHeaderItem text="文件路径" sepimage="file=&apos;ListHeadSep.png&apos;" sepwidth="1"/>
						<ListHeaderItem text="描述" visible="false" sepimage="file=&apos;ListHeadSep.png&apos;" sepwidth="1"/>
					</ListHeader>
				</List>
				<Control height="3"/>
			</VerticalLayout>
			<VerticalLayout name="VLayoutDriver" virtualwnd="driver">
				<List name="Driver" menu="true" itemfont="0" multiexpanding="true" scrollstepsize="120">
					<ListHeader bkimage="file=&apos;listheadbk.png&apos; corner=&apos;1,1,1,1&apos;">		
						<!-- ListHeader 设置好 scaleheader="true"  scale="15%"  -->
						<ListHeaderItem text="名称" width="120" sepimage="file=&apos;ListHeadSep.png&apos;" sepwidth="1"/>
						<ListHeaderItem text="显示名称" width="200" sepimage="file=&apos;ListHeadSep.png&apos;" sepwidth="1"/>
						<ListHeaderItem text="类型" width="80" sepimage="file=&apos;ListHeadSep.png&apos;" sepwidth="1"/>
						<ListHeaderItem text="状态" width="80" sepimage="file=&apos;ListHeadSep.png&apos;" sepwidth="1"/>
						<ListHeaderItem text="启动类型" width="100" sepimage="file=&apos;ListHeadSep.png&apos;" sepwidth="1"/>
					</ListHeader>
				</List>
				<Control height="1"/>
			</VerticalLayout>
			<VerticalLayout name="VLayoutCsp" virtualwnd="csp" >
				<TreeView name="Csp" visiblefolderbtn="false" scrollstepsize="80" vscrollbar="true" visiblecheckbtn="false" >
				</TreeView>
				<Control height="1"/>
			</VerticalLayout>
			<VerticalLayout name="VLayoutCert" virtualwnd="cert" >
				<List name="Cert" menu="true" itemfont="0" multiexpanding="true" multiselect="false">
					<ListHeader menu="true" bkimage="file=&apos;listheadbk.png&apos; corner=&apos;1,1,1,1&apos;">
						<ListHeaderItem text="证书名称" width="100" sepimage="file=&apos;ListHeadSep.png&apos;" sepwidth="1"/>
						<ListHeaderItem text="颁发者" width="100" sepimage="file=&apos;ListHeadSep.png&apos;" sepwidth="1"/>
						<ListHeaderItem text="过期日期" width="75" sepimage="file=&apos;ListHeadSep.png&apos;" sepwidth="1"/>
						<ListHeaderItem text="密钥集" width="250" sepimage="file=&apos;ListHeadSep.png&apos;" sepwidth="1"/>
						<ListHeaderItem text="服务提供者" width="250" sepimage="file=&apos;ListHeadSep.png&apos;" sepwidth="1"/>
						<ListHeaderItem text="使用方法" width="60" sepimage="file=&apos;ListHeadSep.png&apos;" sepwidth="1"/>
						<ListHeaderItem text="密钥长度" width="60" sepimage="file=&apos;ListHeadSep.png&apos;" sepwidth="1"/>
					</ListHeader>
				</List>
				<Control height="1"/>
			</VerticalLayout>
			<VerticalLayout name="VLayoutUser" virtualwnd="user">
				<List name="User" menu="true" itemalign="center" itemfont="0" multiexpanding="true" >
					<ListHeader bkimage="file=&apos;listheadbk.png&apos; corner=&apos;1,1,1,1&apos;">		
						<ListHeaderItem text="标识" sepimage="file=&apos;ListHeadSep.png&apos;" sepwidth="1"/>
						<ListHeaderItem text="用户" sepimage="file=&apos;ListHeadSep.png&apos;" sepwidth="1"/>
						<ListHeaderItem text="状态" sepimage="file=&apos;ListHeadSep.png&apos;" sepwidth="1"/>
						<ListHeaderItem text="客户端名称" sepimage="file=&apos;ListHeadSep.png&apos;" sepwidth="1"/>
						<ListHeaderItem text="客户端IP" sepimage="file=&apos;ListHeadSep.png&apos;" sepwidth="1"/>
						<ListHeaderItem text="会话" sepimage="file=&apos;ListHeadSep.png&apos;" sepwidth="1"/>
					</ListHeader>
				</List>
			</VerticalLayout>
			<VerticalLayout name="VLayoutJob" virtualwnd="job">
				<List name="Job" menu="true" itemalign="center" itemfont="0" multiexpanding="true" >
					<ListHeader bkimage="file=&apos;listheadbk.png&apos; corner=&apos;1,1,1,1&apos;">		
						<ListHeaderItem text="任务名称" sepimage="file=&apos;ListHeadSep.png&apos;" sepwidth="1"/>
						<ListHeaderItem text="任务信息路径" sepimage="file=&apos;ListHeadSep.png&apos;" sepwidth="1"/>
						<ListHeaderItem text="是否启用" sepimage="file=&apos;ListHeadSep.png&apos;" sepwidth="1"/>
						<ListHeaderItem text="接口版本" sepimage="file=&apos;ListHeadSep.png&apos;" sepwidth="1"/>
						<ListHeaderItem text="任务数量" sepimage="file=&apos;ListHeadSep.png&apos;" sepwidth="1"/>
						<ListHeaderItem text="任务类型" sepimage="file=&apos;ListHeadSep.png&apos;" sepwidth="1"/>
					</ListHeader>
				</List>
			</VerticalLayout>
		</TabLayout>
	</VerticalLayout>
</Window>

