﻿<?xml version="1.0" encoding="UTF-8"?>
<Window size="280,135" sizebox="4,4,6,6" caption="0,0,0,35" mininfo="280,135" roundcorner="5,5" layered="true">
	<Font name="微软雅黑" size="16" bold="false" italic="false" />
    <Font name="楷体" size="16" bold="false" italic="false" />
    <Font name="微软雅黑" size="12" bold="false" italic="false" />
	<Default name="VScrollBar" value="showscrollbar=&quot;false&quot; width=&quot;10&quot; showbutton1=&quot;false&quot; showbutton2=&quot;false&quot; thumbnormalimage=&quot;file=&apos;vscrollbarthumb.png&apos; source=&apos;0,0,10,42&apos; corner=&apos;5,5,5,5&apos;&quot; thumbhotimage=&quot;file=&apos;vscrollbarthumb.png&apos; source=&apos;10,0,20,42&apos; corner=&apos;5,5,5,5&apos;&quot; thumbpushedimage=&quot;file=&apos;vscrollbarthumb.png&apos; source=&apos;20,0,30,42&apos; corner=&apos;5,5,5,5&apos;&quot; bknormalimage=&quot;file=&apos;vscrollbar_bkg.png&apos; corner=&apos;5,5,5,5&apos;&quot;" />
	<Default name="Combo" value="textpadding=&quot;4,1,1,1&quot; normalimage=&quot;file=&apos;combo.png&apos; source=&apos;0,0,100,22&apos; corner=&apos;2,2,20,2&apos;&quot; hotimage=&quot;file=&apos;combo.png&apos; source=&apos;0,22,100,44&apos; corner=&apos;2,2,22,2&apos;&quot; pushedimage=&quot;file=&apos;combo.png&apos; source=&apos;0,44,100,66&apos; corner=&apos;2,2,22,2&apos;&quot;" />
    <VerticalLayout name="VLayoutTotal" bkcolor="#FFFEFEFE">
		<VerticalLayout name="WinBorder" bkimage="file=&apos;border.png&apos; corner=&apos;5,5,5,5&apos; hole=&apos;false&apos; ">
			<HorizontalLayout name="HLayoutTitle" pos="0,0,0,35">
				<HorizontalLayout >
					<Label text="网络唤醒小工具" float="true" pos="10,5,100,30" font="2"/>
				</HorizontalLayout>
				<Control />
				<HorizontalLayout name="HLayoutSys" pos="0,0,38,20" width="38" height="20">
					<Button name="BtnClose" tooltip="关闭" float="true" pos="0,0,38,20" textcolor="#FF000000" disabledtextcolor="#FFA7A6AA" align="center" normalimage="file=&apos;BtnClose.png&apos; source=&apos;0,0,39,20&apos;" hotimage="file=&apos;BtnClose.png&apos; source=&apos;39,0,78,20&apos;" pushedimage="file=&apos;BtnClose.png&apos; source=&apos;78,0,117,20&apos;" />
				</HorizontalLayout>
			</HorizontalLayout>
			<HorizontalLayout name="HLayoutBody">
				<Label name="Tip" float="true" text="MAC地址:" font="1" pos="15,10,80,40"/>
				<Label name="Mac" float="true" pos="85,10,250,40" font="1"/>
				<Combo name="HostList" float="true" itemfont="1" selectid="0" dropbox="font=&quot;1&quot;" itemtextpadding="5,0,0,0" pos="15,50,165,80" width="150" height="30">
				</Combo>
				<Button name="BtnSend" text="发送" float="true" pos="185,50,265,80" normalimage="file=&apos;InstallBtn.png&apos; dest=&apos;0,0,164,38&apos; source=&apos;0,0,164,38&apos; corner=&apos;8,8,8,8&apos;" hotimage="file=&apos;InstallBtn.png&apos; dest=&apos;0,0,162,38&apos; source=&apos;0,38,162,76&apos; corner=&apos;8,8,8,8&apos;" pushedimage="file=&apos;InstallBtn.png&apos; dest=&apos;0,0,162,38&apos; source=&apos;0,76,162,114&apos; corner=&apos;8,8,8,8&apos;" />
			</HorizontalLayout>
		</VerticalLayout>
	</VerticalLayout>
</Window>