<?xml version="1.0" encoding="utf-8" standalone="yes" ?>
<Window size="400,200" sizebox="4,4,6,6" caption="0,0,0,30" mininfo="400,200" bktrans="true" shadow="true" shadowimage="shadow.png" shadowcorner="5,3,5,5" roundcorner="5,5" maxbox="false" >
    <Font name="微软雅黑" size="12" bold="false" italic="false" />
    <Font name="楷体" size="16" bold="false" italic="false" />
    <Font name="微软雅黑" size="14" bold="false" italic="false" />
	<Default name="Edit2" value="normalimage=&quot;file=&apos;Edit.png&apos; source=&apos;0,0,30,26&apos; corner=&apos;5,5,5,5&apos;&quot; hotimage=&quot;file=&apos;Edit.png&apos; source=&apos;30,0,60,26&apos; corner=&apos;5,5,5,5&apos;&quot; focusedimage=&quot;file=&apos;Edit.png&apos; source=&apos;30,0,60,26&apos; corner=&apos;5,5,5,5&apos;&quot;" />
	<Default name="Button" value="normalimage=&quot;file=&apos;InstallBtn.png&apos; source=&apos;0,0,164,38&apos; corner=&apos;8,8,8,8&apos;&quot; hotimage=&quot;file=&apos;InstallBtn.png&apos; source=&apos;0,38,162,76&apos; corner=&apos;8,8,8,8&apos;&quot; pushedimage=&quot;file=&apos;InstallBtn.png&apos; source=&apos;0,76,162,114&apos; corner=&apos;8,8,8,8&apos;&quot;" />
	<Default name="Combo" value="textpadding=&quot;4,4,20,1&quot; itemdisabledtextcolor=&quot;0xFF6D6D6D&quot; normalimage=&quot;file=&apos;Combo.png&apos; source=&apos;0,0,100,22&apos; corner=&apos;3,3,15,4&apos;&quot; hotimage=&quot;file=&apos;Combo.png&apos; source=&apos;0,22,100,44&apos; corner=&apos;3,3,15,4&apos;&quot; pushedimage=&quot;file=&apos;Combo.png&apos; source=&apos;0,44,100,66&apos; corner=&apos;3,3,15,4&apos;&quot; disabledimage=&quot;file=&apos;Combo.png&apos; source=&apos;0,66,100,88&apos; corner=&apos;3,3,15,4&apos;&quot;" />
	<Default name="ComboBox" value="textpadding=&quot;4,4,1,1&quot; normalimage=&quot;file=&apos;ComboBox.png&apos; source=&apos;0,0,100,22&apos; corner=&apos;2,2,20,2&apos;&quot; hotimage=&quot;file=&apos;ComboBox.png&apos; source=&apos;0,22,100,44&apos; corner=&apos;2,2,22,2&apos;&quot; pushedimage=&quot;file=&apos;ComboBox.png&apos; source=&apos;0,44,100,66&apos; corner=&apos;2,2,22,2&apos;&quot; focusedimage=&quot;file=&apos;ComboBox.png&apos; source=&apos;0,44,100,66&apos; corner=&apos;2,2,22,2&apos;&quot;" />
	<Default name="VScrollBar" value="showscrollbar=&quot;false&quot; width=&quot;10&quot; showbutton1=&quot;false&quot; showbutton2=&quot;false&quot; thumbnormalimage=&quot;file=&apos;vscrollbarthumb.png&apos; source=&apos;0,0,10,42&apos; corner=&apos;5,5,5,5&apos;&quot; thumbhotimage=&quot;file=&apos;vscrollbarthumb.png&apos; source=&apos;10,0,20,42&apos; corner=&apos;5,5,5,5&apos;&quot; thumbpushedimage=&quot;file=&apos;vscrollbarthumb.png&apos; source=&apos;20,0,30,42&apos; corner=&apos;5,5,5,5&apos;&quot; bknormalimage=&quot;file=&apos;vscrollbar_bkg.png&apos; corner=&apos;5,5,5,5&apos;&quot;" />
	<Default name="List" value="scrollstepsize=&quot;50&quot; vscrollbar=&quot;true&quot; hscrollbar=&quot;true&quot; itemalign=&quot;left&quot; itemaltbk=&quot;true&quot; itemtextpadding=&quot;5,0,0,0&quot; itemlinecolor=&quot;#FF939393&quot;" />
    <VerticalLayout name="VLayoutTotal" pos="0,1,0,1" borderround="5,5" bkcolor="#FFFFFFFF">
        <VerticalLayout name="WinBorder" bkimage="file=&apos;border.png&apos; corner=&apos;5,5,5,5&apos;">
            <VerticalLayout name="VLayoutHead" >
                <HorizontalLayout name="HLayoutTitle" pos="0,0,0,40" height="40">
                    <HorizontalLayout name="HLayoutWinName" height="30">
                        <Label name="WindowName" text="桌面图标查找工具" float="true" pos="7,4,157,34" textpadding="2,0,2,0" textcolor="#FF000000" disabledtextcolor="#FFA7A6AA" font="0" />
                    </HorizontalLayout>
                    <HorizontalLayout name="HLayoutHeadCenter" />
                    <HorizontalLayout name="HLayoutSys" pos="0,0,96,40" width="96" height="40">
                        <Button name="BtnMin" tooltip="最小化" float="true" pos="29,0,57,20" textcolor="#FF000000" disabledtextcolor="#FFA7A6AA" align="center" normalimage="file=&apos;BtnMin.png&apos; source=&apos;0,0,28,20&apos;" hotimage="file=&apos;BtnMin.png&apos; source=&apos;28,0,56,20&apos;" pushedimage="file=&apos;BtnMin.png&apos; source=&apos;56,0,84,20&apos;" />
                        <Button name="BtnClose" tooltip="关闭" float="true" pos="57,0,96,20" textcolor="#FF000000" disabledtextcolor="#FFA7A6AA" align="center" normalimage="file=&apos;BtnClose.png&apos; source=&apos;0,0,39,20&apos;" hotimage="file=&apos;BtnClose.png&apos; source=&apos;39,0,78,20&apos;" pushedimage="file=&apos;BtnClose.png&apos; source=&apos;78,0,117,20&apos;" />
                    </HorizontalLayout>
                </HorizontalLayout>
                <HorizontalLayout name="HLayoutCenter">
					<Label text="桌面图标名称:" font="0" align="right" float="true" pos="5,7,100,34"/>
					<Edit2 name="ItemName" font="0" text="计算机" float="true" pos="105,7,300,32" textpadding="4,4,4,3" textcolor="#FF000000"/>
					<Label text="提示文字内容:" font="0" align="right" float="true" pos="5,40,100,67"/>
					<Edit2 name="ToolTip" font="0" float="true" pos="105,42,300,67" textpadding="4,4,4,3" textcolor="#FF000000"/> 
					<Button name="BtnPopup" text="弹出提示" font="2" float="true" pos="85,100,300,140"/>
                </HorizontalLayout>
            </VerticalLayout>
        </VerticalLayout>
    </VerticalLayout>
</Window>
