<?xml version="1.0" encoding="UTF-8"?>
<Window>
	<Default name="VScrollBar" value="showscrollbar=&quot;false&quot; width=&quot;10&quot; showbutton1=&quot;false&quot; showbutton2=&quot;false&quot; thumbnormalimage=&quot;file=&apos;vscrollbarthumb.png&apos; source=&apos;0,0,10,42&apos; corner=&apos;5,5,5,5&apos;&quot; thumbhotimage=&quot;file=&apos;vscrollbarthumb.png&apos; source=&apos;10,0,20,42&apos; corner=&apos;5,5,5,5&apos;&quot; thumbpushedimage=&quot;file=&apos;vscrollbarthumb.png&apos; source=&apos;20,0,30,42&apos; corner=&apos;5,5,5,5&apos;&quot; bknormalimage=&quot;file=&apos;vscrollbar_bkg.png&apos; corner=&apos;5,5,5,5&apos;&quot;" />
	<Default name="List" value="scrollstepsize=&quot;50&quot; vscrollbar=&quot;true&quot; hscrollbar=&quot;true&quot; itemalign=&quot;left&quot; itemaltbk=&quot;true&quot; itemtextpadding=&quot;5,0,0,0&quot; itemlinecolor=&quot;#FF939393&quot;" />
	<Default name="ListHeaderItem" value="sepimage=&quot;file=&apos;ListHeadSep.png&apos;&quot; sepwidth=&quot;1&quot;"/>
	<VerticalLayout name="VLayout">
		<VerticalLayout name="VLayoutIM" height="30" bkcolor="#FFDEDEDE" >
			<Option name="OptionUI1" font="0" text="RTX" tooltip="RTX" userdata="0" float="true" pos="15,2,85,30" group="IM" selected="true"/>
		</VerticalLayout>
		<TabLayout name="IMWizard" Padding="1,0,1,1">
			<HorizontalLayout virtualwnd="rtx"  name="VLayoutRTX">
				<VerticalLayout width="247">
					<HorizontalLayout name="HLayoutRTXSetting" pos="0,0,247,110" width="247" >
						<Label name="LabelUI1" text="服务器设置" font="1" float="true" pos="0,0,247,26" bkimage="listheadbk.png" textpadding="5,0,0,0" textcolor="#00000000" disabledtextcolor="#FFA7A6AA" />
						<Label name="LabelUI3" text="服务器地址:" float="true" pos="10,37,75,59" textcolor="#00000000" disabledtextcolor="#FFA7A6AA" font="0" />
						<Label name="LabelUI2" text="服务器端口:" float="true" pos="10,70,75,92" textcolor="#00000000" disabledtextcolor="#FFA7A6AA" font="0" />
						<Edit2 name="ServerIP" float="true" pos="80,37,213,60" bkcolor="#FFFFFFFF" textpadding="4,3,4,3" textcolor="#FF000000" disabledtextcolor="#FFA7A6AA" font="0" normalimage="file=&apos;Edit.png&apos; source=&apos;0,0,30,26&apos; corner=&apos;5,5,5,5&apos;" hotimage="file=&apos;Edit.png&apos; source=&apos;30,0,60,26&apos; corner=&apos;5,5,5,5&apos;" focusedimage="file=&apos;Edit.png&apos; source=&apos;30,0,60,26&apos; corner=&apos;5,5,5,5&apos;"/>
						<Edit2 name="ServerPort" float="true" pos="80,70,213,93" bkcolor="#FFFFFFFF" textpadding="4,3,4,3" textcolor="#FF000000" disabledtextcolor="#FFA7A6AA" font="0" normalimage="file=&apos;Edit.png&apos; source=&apos;0,0,30,26&apos; corner=&apos;5,5,5,5&apos;" hotimage="file=&apos;Edit.png&apos; source=&apos;30,0,60,26&apos; corner=&apos;5,5,5,5&apos;" focusedimage="file=&apos;Edit.png&apos; source=&apos;30,0,60,26&apos; corner=&apos;5,5,5,5&apos;" />
					</HorizontalLayout>
					<HorizontalLayout name="HLayoutRTXTools" width="247" height="209">
						<Label name="AssistTool" text="功能选项" font="1" float="true" pos="0,0,247,26" bkimage="listheadbk.png" textpadding="5,0,0,0" textcolor="#00000000" disabledtextcolor="#FFA7A6AA" />
						<Button name="DeleteAllArp" text="获取组织架构" float="true" pos="10,37,110,59" textcolor="#00000000" disabledtextcolor="#FFA7A6AA" foreimage="file='color.png' dest='1,3,16,18'" textpadding="10,0,0,0" font="0" />
						<Button name="DeleteDynamicArp" text="清除动态ARP表" float="true" pos="125,37,235,59" textcolor="#00000000" disabledtextcolor="#FFA7A6AA" foreimage="file='color.png' dest='1,3,16,18'" textpadding="10,0,0,0" font="0" />
						<Button name="AddStaticArp" text="添加静态ARP表" float="true" pos="10,69,120,91" textcolor="#00000000" disabledtextcolor="#FFA7A6AA" foreimage="file='color.png' dest='1,3,16,18'" textpadding="10,0,0,0" font="0" />
					</HorizontalLayout>
				</VerticalLayout>
				<Control width="2" bkcolor="#FF54A5D5" />
				<VerticalLayout >
				</VerticalLayout>
			</HorizontalLayout>
			
		</TabLayout>
	</VerticalLayout>
</Window>

