﻿<?xml version="1.0" encoding="UTF-8"?>
<Window size="850,250" sizebox="4,4,6,6" caption="0,0,0,35" mininfo="267,645" roundcorner="5,5" layered="true">
	<Font name="微软雅黑" size="16" bold="false" italic="false" />
    <Font name="楷体" size="16" bold="false" italic="false" />
    <Font name="微软雅黑" size="12" bold="false" italic="false" />
    <VerticalLayout name="VLayoutTotal" bkcolor="#FFFEFEFE">
		<VerticalLayout name="WinBorder" bkimage="file=&apos;border.png&apos; corner=&apos;5,5,5,5&apos; mask=&apos;0xffffffff&apos; ">
			<HorizontalLayout name="HLayoutTitle" pos="0,0,0,35">
				<Control />
				<HorizontalLayout name="HLayoutSys" pos="0,0,38,20" width="38" height="20">
					<Button name="BtnClose" tooltip="关闭" float="true" pos="0,0,38,20" textcolor="#FF000000" disabledtextcolor="#FFA7A6AA" align="center" normalimage="file=&apos;BtnClose.png&apos; source=&apos;0,0,39,20&apos;" hotimage="file=&apos;BtnClose.png&apos; source=&apos;39,0,78,20&apos;" pushedimage="file=&apos;BtnClose.png&apos; source=&apos;78,0,117,20&apos;" />
				</HorizontalLayout>
			</HorizontalLayout>
			<HorizontalLayout name="HLayoutBody">
				<GroupLayout name="IPConvernt" text="IP地址转换" width="280" height="210">
					<Label name="IpAddrLabel" font="2" text="IP地址 : " align="right" pos="15,40,100,63" />
					<IPAddress name="IpAddr" font="2" inset="0,3,0,4" pos="105,40,260,63" bkcolor="#FFFFFFFF" textcolor="#FF000000" disabledtextcolor="#FFA7A6AA" normalimage="file=&apos;Edit.png&apos; source=&apos;0,0,30,26&apos; corner=&apos;5,5,5,5&apos;" hotimage="file=&apos;Edit.png&apos; source=&apos;30,0,60,26&apos; corner=&apos;5,5,5,5&apos;" focusedimage="file=&apos;Edit.png&apos; source=&apos;30,0,60,26&apos; corner=&apos;5,5,5,5&apos;"/>
					<Label name="HexHostOrderLabel" font="2" text="16进制主机序 : " align="right" pos="15,70,100,93" />
					<Edit2 name="HexHostOrder" font="2" pos="105,70,260,93" bkcolor="#FFFFFFFF" textpadding="4,3,4,3" textcolor="#FF000000" disabledtextcolor="#FFA7A6AA" normalimage="file=&apos;Edit.png&apos; source=&apos;0,0,30,26&apos; corner=&apos;5,5,5,5&apos;" hotimage="file=&apos;Edit.png&apos; source=&apos;30,0,60,26&apos; corner=&apos;5,5,5,5&apos;" focusedimage="file=&apos;Edit.png&apos; source=&apos;30,0,60,26&apos; corner=&apos;5,5,5,5&apos;"/>
					<Label name="HexNetOrderLabel" font="2" text="16进制网络序 : " align="right" pos="15,100,100,123" />
					<Edit2 name="HexNetOrder" font="2" pos="105,100,260,123" bkcolor="#FFFFFFFF" textpadding="4,3,4,3" textcolor="#FF000000" disabledtextcolor="#FFA7A6AA" normalimage="file=&apos;Edit.png&apos; source=&apos;0,0,30,26&apos; corner=&apos;5,5,5,5&apos;" hotimage="file=&apos;Edit.png&apos; source=&apos;30,0,60,26&apos; corner=&apos;5,5,5,5&apos;" focusedimage="file=&apos;Edit.png&apos; source=&apos;30,0,60,26&apos; corner=&apos;5,5,5,5&apos;"/>
					<Label name="TenHostOrderLabel" font="2" text="10进制主机序 : " align="right" pos="15,130,100,153" />
					<Edit2 name="TenHostOrder" font="2" pos="105,130,260,153" digital="true" bkcolor="#FFFFFFFF" textpadding="4,3,4,3" textcolor="#FF000000" disabledtextcolor="#FFA7A6AA" normalimage="file=&apos;Edit.png&apos; source=&apos;0,0,30,26&apos; corner=&apos;5,5,5,5&apos;" hotimage="file=&apos;Edit.png&apos; source=&apos;30,0,60,26&apos; corner=&apos;5,5,5,5&apos;" focusedimage="file=&apos;Edit.png&apos; source=&apos;30,0,60,26&apos; corner=&apos;5,5,5,5&apos;"/>
					<Label name="TenNetOrderLabel" font="2" text="10进制网络序 : " align="right" pos="15,160,100,183" />
					<Edit2 name="TenNetOrder" font="2" pos="105,160,260,183" digital="true" bkcolor="#FFFFFFFF" textpadding="4,3,4,3" textcolor="#FF000000" disabledtextcolor="#FFA7A6AA" normalimage="file=&apos;Edit.png&apos; source=&apos;0,0,30,26&apos; corner=&apos;5,5,5,5&apos;" hotimage="file=&apos;Edit.png&apos; source=&apos;30,0,60,26&apos; corner=&apos;5,5,5,5&apos;" focusedimage="file=&apos;Edit.png&apos; source=&apos;30,0,60,26&apos; corner=&apos;5,5,5,5&apos;"/>
				</GroupLayout>
				<GroupLayout name="MaskCalc" text="子网掩码计算" width="280" height="210">
					<Label name="MaskLabel" font="2" text="掩码位数 : " align="right" pos="15,40,100,63" />
					<Edit2 name="MaskCount" font="2" pos="105,40,260,63" digital="true" bkcolor="#FFFFFFFF" textpadding="4,3,4,3" textcolor="#FF000000" disabledtextcolor="#FFA7A6AA" normalimage="file=&apos;Edit.png&apos; source=&apos;0,0,30,26&apos; corner=&apos;5,5,5,5&apos;" hotimage="file=&apos;Edit.png&apos; source=&apos;30,0,60,26&apos; corner=&apos;5,5,5,5&apos;" focusedimage="file=&apos;Edit.png&apos; source=&apos;30,0,60,26&apos; corner=&apos;5,5,5,5&apos;"/>
					<Label name="SubMaskLabel" font="2" text="子网掩码 : " align="right" pos="15,70,100,93" />
					<IPAddress name="SubMask" font="2" inset="0,3,0,3" pos="105,70,260,93" bkcolor="#FFFFFFFF" textcolor="#FF000000" disabledtextcolor="#FFA7A6AA" normalimage="file=&apos;Edit.png&apos; source=&apos;0,0,30,26&apos; corner=&apos;5,5,5,5&apos;" hotimage="file=&apos;Edit.png&apos; source=&apos;30,0,60,26&apos; corner=&apos;5,5,5,5&apos;" focusedimage="file=&apos;Edit.png&apos; source=&apos;30,0,60,26&apos; corner=&apos;5,5,5,5&apos;"/>
					<Label name="HexNetLabel" font="2" text="16进制网络序 : " align="right" pos="15,100,100,123" />
					<Edit2 name="HexNet" font="2" pos="105,100,260,123" bkcolor="#FFFFFFFF" textpadding="4,3,4,3" textcolor="#FF000000" disabledtextcolor="#FFA7A6AA" normalimage="file=&apos;Edit.png&apos; source=&apos;0,0,30,26&apos; corner=&apos;5,5,5,5&apos;" hotimage="file=&apos;Edit.png&apos; source=&apos;30,0,60,26&apos; corner=&apos;5,5,5,5&apos;" focusedimage="file=&apos;Edit.png&apos; source=&apos;30,0,60,26&apos; corner=&apos;5,5,5,5&apos;"/>
					<Label name="TotalAddrLabel" font="2" text="地址总数 : " align="right"  pos="15,130,100,153"/>
					<Edit2 name="TotalAddr" font="2"  pos="105,130,260,153" digital="true" bkcolor="#FFFFFFFF" textpadding="4,3,4,3" textcolor="#FF000000" disabledtextcolor="#FFA7A6AA" normalimage="file=&apos;Edit.png&apos; source=&apos;0,0,30,26&apos; corner=&apos;5,5,5,5&apos;" hotimage="file=&apos;Edit.png&apos; source=&apos;30,0,60,26&apos; corner=&apos;5,5,5,5&apos;" focusedimage="file=&apos;Edit.png&apos; source=&apos;30,0,60,26&apos; corner=&apos;5,5,5,5&apos;"/>
					<Label name="ValidAddrLabel" font="2" text="可用地址数 : " align="right" pos="15,160,100,183" />
					<Edit2 name="ValidAddr" font="2" pos="105,160,260,183" digital="true" bkcolor="#FFFFFFFF" textpadding="4,3,4,3" textcolor="#FF000000" disabledtextcolor="#FFA7A6AA" normalimage="file=&apos;Edit.png&apos; source=&apos;0,0,30,26&apos; corner=&apos;5,5,5,5&apos;" hotimage="file=&apos;Edit.png&apos; source=&apos;30,0,60,26&apos; corner=&apos;5,5,5,5&apos;" focusedimage="file=&apos;Edit.png&apos; source=&apos;30,0,60,26&apos; corner=&apos;5,5,5,5&apos;"/>
				</GroupLayout>
				<GroupLayout name="NetAddrLayout" text="网络地址" width="280" height="210">
					<Label name="IpAddrInfoLabel" font="2" text="IP地址 : " align="right" pos="15,40,100,63" />
					<IPAddress name="IpAddrInfo" font="2" inset="0,3,0,3" pos="105,40,260,63" bkcolor="#FFFFFFFF" textcolor="#FF000000" disabledtextcolor="#FFA7A6AA" normalimage="file=&apos;Edit.png&apos; source=&apos;0,0,30,26&apos; corner=&apos;5,5,5,5&apos;" hotimage="file=&apos;Edit.png&apos; source=&apos;30,0,60,26&apos; corner=&apos;5,5,5,5&apos;" focusedimage="file=&apos;Edit.png&apos; source=&apos;30,0,60,26&apos; corner=&apos;5,5,5,5&apos;"/>
					<Label name="SubMaskInfoLabel" font="2" text="子网掩码 : " align="right" pos="15,70,100,93" />
					<IPAddress name="SubMaskInfo" font="2" inset="0,3,0,3" pos="105,70,260,93" bkcolor="#FFFFFFFF" textcolor="#FF000000" disabledtextcolor="#FFA7A6AA" normalimage="file=&apos;Edit.png&apos; source=&apos;0,0,30,26&apos; corner=&apos;5,5,5,5&apos;" hotimage="file=&apos;Edit.png&apos; source=&apos;30,0,60,26&apos; corner=&apos;5,5,5,5&apos;" focusedimage="file=&apos;Edit.png&apos; source=&apos;30,0,60,26&apos; corner=&apos;5,5,5,5&apos;"/>
					<Label name="NetAddrLabel" font="2" text="网络地址 : " align="right" pos="15,100,100,123" />
					<IPAddress name="NetAddr" font="2" inset="0,3,0,3" pos="105,100,260,123" readonly="true" bkcolor="#FFFFFFFF" textcolor="#FF000000" disabledtextcolor="#FFA7A6AA" normalimage="file=&apos;Edit.png&apos; source=&apos;0,0,30,26&apos; corner=&apos;5,5,5,5&apos;" hotimage="file=&apos;Edit.png&apos; source=&apos;30,0,60,26&apos; corner=&apos;5,5,5,5&apos;" focusedimage="file=&apos;Edit.png&apos; source=&apos;30,0,60,26&apos; corner=&apos;5,5,5,5&apos;"/>
					<Label name="BroadcastLabel" font="2" text="广播地址 : " align="right" pos="15,130,100,153" />
					<IPAddress name="Broadcast" font="2" inset="0,3,0,3" pos="105,130,260,153" readonly="true" bkcolor="#FFFFFFFF" textcolor="#FF000000" disabledtextcolor="#FFA7A6AA" normalimage="file=&apos;Edit.png&apos; source=&apos;0,0,30,26&apos; corner=&apos;5,5,5,5&apos;" hotimage="file=&apos;Edit.png&apos; source=&apos;30,0,60,26&apos; corner=&apos;5,5,5,5&apos;" focusedimage="file=&apos;Edit.png&apos; source=&apos;30,0,60,26&apos; corner=&apos;5,5,5,5&apos;"/>
					<Label name="TotalLabel" font="2" text="地址总数 : " align="right" pos="15,160,100,183" />
					<Edit2 name="Total" font="2" pos="105,160,260,183" readonly="true" digital="true" bkcolor="#FFFFFFFF" textpadding="4,3,4,3" textcolor="#FF000000" disabledtextcolor="#FFA7A6AA" normalimage="file=&apos;Edit.png&apos; source=&apos;0,0,30,26&apos; corner=&apos;5,5,5,5&apos;" hotimage="file=&apos;Edit.png&apos; source=&apos;30,0,60,26&apos; corner=&apos;5,5,5,5&apos;" focusedimage="file=&apos;Edit.png&apos; source=&apos;30,0,60,26&apos; corner=&apos;5,5,5,5&apos;"/>			
				</GroupLayout>
			</HorizontalLayout>
		</VerticalLayout>
	</VerticalLayout>
</Window>