<?xml version="1.0" encoding="utf-8" standalone="yes" ?>
<Window size="910,610" sizebox="4,4,6,6" caption="0,0,0,90" mininfo="910,610" bktrans="true">
    <Font name="微软雅黑" size="12" bold="false" italic="false" />
    <Font name="微软雅黑" size="16" bold="false" italic="false" />
    <Font name="微软雅黑" size="22" bold="false" italic="false" />
	<Default name="Option" value="textpadding=&quot;0,45,0,0&quot; textcolor=&quot;#00FFFFFF&quot; disabledtextcolor=&quot;#FFA7A6AA&quot; font=&quot;0&quot; align=&quot;center&quot; hotimage=&quot;file=&apos;ToolbarHover.png&apos;&quot; pushedimage=&quot;file=&apos;ToolbarSelect.png&apos;&quot; selectedimage=&quot;file=&apos;ToolbarSelect.png&apos;&quot;" />
    <VerticalLayout name="VLayout" inset="5,3,5,5" bkimage="file=&apos;shadow.png&apos; corner=&apos;5,5,5,5&apos;" >
        <VerticalLayout name="Border" bkimage="file=&apos;bg.png&apos;">
            <HorizontalLayout name="HorizontalLayoutUI1" pos="0,0,0,33" height="33" inset="0,3,0,0">
                <HorizontalLayout name="HorizontalLayoutUI2">
                    <Label name="TextUI1" text="系统信息查看工具" float="true" pos="22,1,207,41" textpadding="2,0,2,0" textcolor="#FFFFFFFF" font="1"/>
				</HorizontalLayout>
                <HorizontalLayout name="HorizontalLayoutUI4" pos="0,0,115,0">
                    <Button name="skinbtn" maxheight="22" maxwidth="27" textcolor="#FF000000" disabledtextcolor="#FFA7A6AA" align="center" normalimage="skin_normal.png" hotimage="skin_hover.png" pushedimage="skin_pressed.png" />
                    <Button name="BtnMenu" maxheight="22" maxwidth="27" textcolor="#FF000000" disabledtextcolor="#FFA7A6AA" align="center" normalimage="menu_normal.png" hotimage="menu_hover.png" pushedimage="menu_pressed.png" />
                    <Button name="BtnMin" maxheight="22" maxwidth="27" textcolor="#FF000000" disabledtextcolor="#FFA7A6AA" align="center" normalimage="min_normal.png" hotimage="min_hover.png" pushedimage="min_pressed.png" />
                    <Button name="BtnClose" maxheight="22" maxwidth="27" textcolor="#FF000000" disabledtextcolor="#FFA7A6AA" align="center" normalimage="close_normal.png" hotimage="close_hover.png" pushedimage="close_pressed.png" />
                </HorizontalLayout>
            </HorizontalLayout>
            <HorizontalLayout name="HorizontalLayoutUI5" pos="0,0,0,85" height="85">
                <HorizontalLayout name="TabSwitch">
                    <Option name="OptionUI1" text="电脑体检" tooltip="电脑体检" userdata="0" float="true" pos="15,10,85,85" group="main_toolbar" selected="true" foreimage="file=&apos;ico_Examine.png&apos; dest=&apos;11,5,59,53&apos;" />
                    <Option name="OptionUI2" text="木马查杀" tooltip="木马查杀" userdata="1" float="true" pos="97,10,167,85" group="main_toolbar" foreimage="file=&apos;ico_dsmain.png&apos; dest=&apos;11,5,59,53&apos;" />
                    <Option name="OptionUI3" text="系统修复" tooltip="系统修复" userdata="2" float="true" pos="179,10,249,85" group="main_toolbar" foreimage="file=&apos;ico_SysRepair.png&apos; dest=&apos;11,5,59,53&apos;" />
                    <Option name="OptionUI4" text="电脑清理" tooltip="电脑清理" userdata="3" float="true" pos="261,10,331,85" group="main_toolbar" foreimage="file=&apos;ico_TraceCleaner.png&apos; dest=&apos;11,5,59,53&apos;" />
                    <Option name="OptionUI5" text="优化加速" tooltip="优化加速" userdata="4" float="true" pos="343,10,413,85" group="main_toolbar" foreimage="file=&apos;ico_SpeedupOpt.png&apos; dest=&apos;11,5,59,53&apos;" />
                    <Option name="OptionUI6" text="电脑专家" tooltip="电脑专家" userdata="5" float="true" pos="425,10,495,85" group="main_toolbar" foreimage="file=&apos;ico_expert.png&apos; dest=&apos;11,5,59,53&apos;" />
                    <Option name="OptionUI7" text="电脑门诊" tooltip="电脑门诊" userdata="6" float="true" pos="507,10,577,85" group="main_toolbar" foreimage="file=&apos;ico_diannaomenzhen.png&apos; dest=&apos;11,5,59,53&apos;" />
                    <Option name="OptionUI8" text="软件管家" tooltip="软件管家" userdata="7" float="true" pos="589,10,659,85" group="main_toolbar" foreimage="file=&apos;ico_softmgr.png&apos; dest=&apos;11,5,59,53&apos;" />
                </HorizontalLayout>
            </HorizontalLayout>
            <AnimationTabLayout name="TabWizard" bkcolor="#FFFFFFFF" frame="30">
				<VerticalLayout name="0" >
					<Text text="电脑体检" float="true" pos="380,100,500,400" textcolor="#FF000000" font="2" />
				</VerticalLayout>
				<VerticalLayout name="1" >
					<Text text="木马查杀" float="true" pos="380,100,500,400" textcolor="#FF000000" font="2" />
				</VerticalLayout>
				<VerticalLayout name="2" >
					<Text text="系统修复" float="true" pos="380,100,500,400" textcolor="#FF000000" font="2" />
				</VerticalLayout>
				<VerticalLayout name="3" >
					<Text text="电脑清理" float="true" pos="380,100,500,400" textcolor="#FF000000" font="2" />
				</VerticalLayout>
				<VerticalLayout name="4" >
					<Text text="优化加速" float="true" pos="380,100,500,400" textcolor="#FF000000" font="2" />
				</VerticalLayout>
				<VerticalLayout name="5" >
					<Text text="电脑专家" float="true" pos="380,100,500,400" textcolor="#FF000000" font="2" />
				</VerticalLayout>
				<VerticalLayout name="6" >
					<Text text="电脑门诊" float="true" pos="380,100,500,400" textcolor="#FF000000" font="2" />
				</VerticalLayout>
				<VerticalLayout name="7" >
					<Text text="软件管家" float="true" pos="380,100,500,400" textcolor="#FF000000" font="2" />
				</VerticalLayout>
			</AnimationTabLayout>
        </VerticalLayout>
    </VerticalLayout>
</Window>
