<?xml version="1.0" encoding="utf-8" standalone="yes" ?>
<Window size="910,610" sizebox="4,4,6,6" caption="0,0,0,90" roundcorner="28,28" shadow="true" esckey="false" shadowimage="shadow.png" shadowcorner="5,3,5,3" mininfo="910,610" layered="true">
    <Font name="微软雅黑" size="12" bold="false" italic="false" />
    <Font name="微软雅黑" size="12" bold="true" italic="false" />
	<Font name="微软雅黑" size="14" bold="false" italic="false" />
    <Font name="微软雅黑" size="16" bold="false" italic="false" />
	<Default name="Option" value="disabledtextcolor=&quot;#FFA7A6AA&quot; font=&quot;0&quot; align=&quot;center&quot; hotimage=&quot;file=&apos;ToolbarHover.png&apos;corner=apos;10,10,10,10&apos;&quot; pushedimage=&quot;file=&apos;ToolbarSelect.png&apos;corner=apos;10,10,10,10&apos;&quot; selectedimage=&quot;file=&apos;ToolbarSelect.png&apos;corner=apos;10,10,10,10&apos;&quot;" />
	<VerticalLayout name="VHeader"  bkimage="file=&apos;bg.png&apos;" >
		<VerticalLayout name="VLayout" bkimage="file=&apos;border.png&apos; corner=&apos;5,5,5,5&apos;" >
            <HorizontalLayout name="HorizontalLayoutUI1" pos="0,0,0,33" height="33" inset="0,3,0,0">
                <HorizontalLayout name="HorizontalLayoutUI2">
                    <Label name="TextUI1" text="系统信息查看工具" float="true" pos="22,1,207,41" textpadding="2,0,2,0" textcolor="#FFFFFFFF" font="3"/>
				</HorizontalLayout>
                <HorizontalLayout name="HorizontalLayoutUI4" pos="0,0,145,0">
					<Button name="BtnMedal" maxheight="30" maxwidth="26" textcolor="#FF000000" disabledtextcolor="#FFA7A6AA" align="center" normalimage="medal.png" hotimage="medal.png" pushedimage="medal.png" />
                    <Button name="BtnSkin" maxheight="22" maxwidth="27" textcolor="#FF000000" disabledtextcolor="#FFA7A6AA" align="center" normalimage="skin_normal.png" hotimage="skin_hover.png" pushedimage="skin_pressed.png" />
                    <Button name="BtnMenu" maxheight="22" maxwidth="27" textcolor="#FF000000" disabledtextcolor="#FFA7A6AA" align="center" normalimage="menu_normal.png" hotimage="menu_hover.png" pushedimage="menu_pressed.png" />
                    <Button name="BtnMin" maxheight="22" maxwidth="27" textcolor="#FF000000" disabledtextcolor="#FFA7A6AA" align="center" normalimage="min_normal.png" hotimage="min_hover.png" pushedimage="min_pressed.png" />
                    <Button name="BtnClose" maxheight="22" maxwidth="27" textcolor="#FF000000" disabledtextcolor="#FFA7A6AA" align="center" normalimage="close_normal.png" hotimage="close_hover.png" pushedimage="close_pressed.png" />
                </HorizontalLayout>
            </HorizontalLayout>
            <HorizontalLayout name="HorizontalLayoutUI5" pos="0,0,0,85" height="85">
                <HorizontalLayout width="700" name="TabSwitch" >
                    <Option name="OptionUI1" text="进程管理器" textpadding="0,45,0,0" textcolor="#00FFFFFF" tooltip="进程管理器" userdata="0" float="true" pos="15,10,85,85" group="main_toolbar" selected="true" foreimage="file=&apos;ico_Examine.png&apos; dest=&apos;11,5,59,53&apos;" />
                    <Option name="OptionUI2" text="网络分析器" textpadding="0,45,0,0" textcolor="#00FFFFFF" tooltip="网络分析器" userdata="1" float="true" pos="97,10,167,85" group="main_toolbar" foreimage="file=&apos;ico_dsmain.png&apos; dest=&apos;11,5,59,53&apos;" />
                    <Option name="OptionUI3" text="即时通讯" textpadding="0,45,0,0" textcolor="#00FFFFFF" tooltip="即时通讯" userdata="2" float="true" pos="179,10,249,85" group="main_toolbar" foreimage="file=&apos;ico_SysRepair.png&apos; dest=&apos;11,5,59,53&apos;" />
                    <Option name="OptionUI4" text="电脑清理" textpadding="0,45,0,0" textcolor="#00FFFFFF" tooltip="电脑清理" userdata="3" float="true" pos="261,10,331,85" group="main_toolbar" foreimage="file=&apos;ico_TraceCleaner.png&apos; dest=&apos;11,5,59,53&apos;" />
                    <Option name="OptionUI5" text="优化加速" textpadding="0,45,0,0" textcolor="#00FFFFFF" tooltip="优化加速" userdata="4" float="true" pos="343,10,413,85" group="main_toolbar" foreimage="file=&apos;ico_SpeedupOpt.png&apos; dest=&apos;11,5,59,53&apos;" />
                    <Option name="OptionUI6" text="电脑专家" textpadding="0,45,0,0" textcolor="#00FFFFFF" tooltip="电脑专家" userdata="5" float="true" pos="425,10,495,85" group="main_toolbar" foreimage="file=&apos;ico_expert.png&apos; dest=&apos;11,5,59,53&apos;" />
                    <Option name="OptionUI7" text="电脑门诊" textpadding="0,45,0,0" textcolor="#00FFFFFF" tooltip="电脑门诊" userdata="6" float="true" pos="507,10,577,85" group="main_toolbar" foreimage="file=&apos;ico_diannaomenzhen.png&apos; dest=&apos;11,5,59,53&apos;" />
                    <Option name="OptionUI8" text="软件管家" textpadding="0,45,0,0" textcolor="#00FFFFFF" tooltip="软件管家" userdata="7" float="true" pos="589,10,659,85" group="main_toolbar" foreimage="file=&apos;ico_softmgr.png&apos; dest=&apos;11,5,59,53&apos;" />
                </HorizontalLayout>
				<Control />
				<Button name="BtnLogo" width="148" height="62" padding="0,18,10,10" name="BtnLogo" normalimage="logo.png" hotimage="logo.png" pushedimage="logo.png" />
            </HorizontalLayout>
            <TabLayout name="TabWizard" ChildPadding="1,0,1,1" bkimage="file=&apos;white.png&apos;" showanimate="false" frame="20" >
				<VerticalLayout name="0" virtualwnd="task">
					<Include source="task.xml" />
				</VerticalLayout>
				<VerticalLayout name="1" virtualwnd="network" >
					<Include source="network.xml" />
				</VerticalLayout>
				<VerticalLayout name="2" >
					<Include source="InstantMsg.xml" />
					<!--<Text text="系统修复" float="true" pos="380,100,500,400" textcolor="#FF000000" font="2" />-->
				</VerticalLayout>
				<VerticalLayout name="3" >
					<!--<Text text="电脑清理" float="true" pos="380,100,500,400" textcolor="#FF000000" font="2" />-->
					<RollText name="showtext" rolltype="right" overstop="false" text="电脑清理电脑清理电脑清理电脑清理电脑清理电脑清理电脑清理" float="true" pos="100,100,400,400" bkcolor="#FFFF0000" textcolor="#FF000000" font="2" />
				</VerticalLayout>
				<VerticalLayout name="4" virtualwnd="sysinfo">
					<Include source="SysInfo.xml" />
				</VerticalLayout>
				<VerticalLayout name="5" >
					<Text text="电脑专家" float="true" pos="380,100,500,400" textcolor="#FF000000" font="2" />
				</VerticalLayout>
				<VerticalLayout name="6" >
					<Text text="电脑门诊" float="true" pos="380,100,500,400" textcolor="#FF000000" font="2" />
				</VerticalLayout>
				<VerticalLayout name="7" >
					<Text text="软件管家" float="true" pos="380,100,500,400" textcolor="#FF000000" font="2" />
				</VerticalLayout>
			</TabLayout>
        </VerticalLayout>
    </VerticalLayout>
</Window>
