<?xml version="1.0" encoding="UTF-8"?>
<Window>
	<Default name="VScrollBar" value="showscrollbar=&quot;false&quot; width=&quot;10&quot; showbutton1=&quot;false&quot; showbutton2=&quot;false&quot; thumbnormalimage=&quot;file=&apos;vscrollbarthumb.png&apos; source=&apos;0,0,10,42&apos; corner=&apos;5,5,5,5&apos;&quot; thumbhotimage=&quot;file=&apos;vscrollbarthumb.png&apos; source=&apos;10,0,20,42&apos; corner=&apos;5,5,5,5&apos;&quot; thumbpushedimage=&quot;file=&apos;vscrollbarthumb.png&apos; source=&apos;20,0,30,42&apos; corner=&apos;5,5,5,5&apos;&quot; bknormalimage=&quot;file=&apos;vscrollbar_bkg.png&apos; corner=&apos;5,5,5,5&apos;&quot;" />
	<Default name="List" value="vscrollbar=&quot;true&quot; hscrollbar=&quot;true&quot; itemalign=&quot;left&quot; itemaltbk=&quot;false&quot; itemrowline=&quot;true&quot; itemtextpadding=&quot;5,0,0,0&quot; itemlinecolor=&quot;#FF939393&quot;" />
	<Style name="OptionTab" value="normalimage=&quot;file=&apos;subtab_btn.png&apos; source=&apos;0,0,109,32&apos; &quot; hotimage=&quot;file=&apos;subtab_btn.png&apos; source=&apos;109,0,218,32&apos; &quot; selectedimage=&quot;file=&apos;subtab_btn.png&apos; source=&apos;218,0,327,32&apos;&quot;" />
	<VerticalLayout name="VLayout" >
		<VerticalLayout name="VLayoutTask" height="30" bkimage="subtab_bg.png" >
			<Option name="OptionUI1" font="0"  text="应用程序" tooltip="应用程序" userdata="0" style="OptionTab" float="true" pos="8,0,92,29" group="task" selected="true"/>
			<Option name="OptionUI2" font="0" text="进程" tooltip="进程" userdata="1" float="true" style="OptionTab" pos="90,0,174,29" group="task" />
			<Option name="OptionUI3" font="0" text="win32服务" tooltip="win32服务" userdata="2" style="OptionTab" float="true" pos="172,0,256,29" group="task"/>
			<Option name="OptionUI4" font="0" text="核心服务" tooltip="核心服务" userdata="3" style="OptionTab" float="true" pos="254,0,338,29" group="task" />
			<Option name="OptionUI5" font="0" text="用户" tooltip="用户" userdata="4" float="true" style="OptionTab" pos="336,0,420,29" group="task" />
		</VerticalLayout>
		<TabLayout name="TaskWizard" showanimate="false" > 
			<VerticalLayout name="VLayoutApp" virtualwnd="app">
				<List name="App" menu="true" itemfont="0" multiexpanding="true" multiselect="true">
					<ListHeader menu="true" bkimage="file=&apos;listheadbk.png&apos; corner=&apos;1,1,1,1&apos;">
						<ListHeaderItem text="任务" width="200" sepimage="file=&apos;ListHeadSep.png&apos;" sepwidth="1"/>
						<ListHeaderItem text="状态" width="60" sepimage="file=&apos;ListHeadSep.png&apos;" sepwidth="1"/>
					</ListHeader>
				</List>
			</VerticalLayout>
			<VerticalLayout name="VLayoutProcess" virtualwnd="process">
				<List name="Process" >
					<ListHeader bkimage="file=&apos;listheadbk.png&apos; corner=&apos;1,1,1,1&apos;">				
						<ListHeaderItem text="进程名" sepimage="file=&apos;ListHeadSep.png&apos;" sepwidth="1"/>
						<ListHeaderItem text="PID" sepimage="file=&apos;ListHeadSep.png&apos;" sepwidth="1"/>
						<ListHeaderItem text="用户名" sepimage="file=&apos;ListHeadSep.png&apos;" sepwidth="1"/>
						<ListHeaderItem text="CPU" sepimage="file=&apos;ListHeadSep.png&apos;" sepwidth="1"/>
						<ListHeaderItem text="描述" sepimage="file=&apos;ListHeadSep.png&apos;" sepwidth="1"/>
					</ListHeader>
				</List>
			</VerticalLayout>
			<VerticalLayout name="VLayoutService" virtualwnd="services" linesize="12"  >
				<List name="Service" menu="true" itemfont="0" multiexpanding="true" scrollstepsize="200">
					<ListHeader bkimage="file=&apos;listheadbk.png&apos; corner=&apos;1,1,1,1&apos;">			
						<ListHeaderItem text="名称" sepimage="file=&apos;ListHeadSep.png&apos;" sepwidth="1"/>
						<ListHeaderItem text="显示名称" sepimage="file=&apos;ListHeadSep.png&apos;" sepwidth="1"/>
						<ListHeaderItem text="描述" sepimage="file=&apos;ListHeadSep.png&apos;" sepwidth="1"/>
					</ListHeader>
				</List>
			</VerticalLayout>
			<VerticalLayout name="VLayoutDriver" virtualwnd="driver">
				<List name="Driver" menu="true" itemfont="0" multiexpanding="true" scrollstepsize="200">
					<ListHeader bkimage="file=&apos;listheadbk.png&apos; corner=&apos;1,1,1,1&apos;">		
						<ListHeaderItem text="名称" sepimage="file=&apos;ListHeadSep.png&apos;" sepwidth="1"/>
						<ListHeaderItem text="显示名称" sepimage="file=&apos;ListHeadSep.png&apos;" sepwidth="1"/>
						<ListHeaderItem text="描述" sepimage="file=&apos;ListHeadSep.png&apos;" sepwidth="1"/>
					</ListHeader>
				</List>
			</VerticalLayout>
			<VerticalLayout name="VLayoutUser" virtualwnd="user">
				<List name="User" menu="true" itemalign="center" itemfont="0" multiexpanding="true" >
					<ListHeader bkimage="file=&apos;listheadbk.png&apos; corner=&apos;1,1,1,1&apos;">		
						<ListHeaderItem text="标识" sepimage="file=&apos;ListHeadSep.png&apos;" sepwidth="1"/>
						<ListHeaderItem text="用户" sepimage="file=&apos;ListHeadSep.png&apos;" sepwidth="1"/>
						<ListHeaderItem text="状态" sepimage="file=&apos;ListHeadSep.png&apos;" sepwidth="1"/>
						<ListHeaderItem text="客户端名称" sepimage="file=&apos;ListHeadSep.png&apos;" sepwidth="1"/>
						<ListHeaderItem text="客户端IP" sepimage="file=&apos;ListHeadSep.png&apos;" sepwidth="1"/>
						<ListHeaderItem text="会话" sepimage="file=&apos;ListHeadSep.png&apos;" sepwidth="1"/>
					</ListHeader>
				</List>
			</VerticalLayout>
		</TabLayout>
	</VerticalLayout>
</Window>

