<?xml version="1.0" encoding="UTF-8"?>
<Window>
	<Font name="微软雅黑" size="10" bold="false" italic="false" />
	<Default name="VScrollBar" value="showscrollbar=&quot;false&quot; width=&quot;10&quot; showbutton1=&quot;false&quot; showbutton2=&quot;false&quot; thumbnormalimage=&quot;file=&apos;vscrollbarthumb.png&apos; source=&apos;0,0,10,42&apos; corner=&apos;5,5,5,5&apos;&quot; thumbhotimage=&quot;file=&apos;vscrollbarthumb.png&apos; source=&apos;10,0,20,42&apos; corner=&apos;5,5,5,5&apos;&quot; thumbpushedimage=&quot;file=&apos;vscrollbarthumb.png&apos; source=&apos;20,0,30,42&apos; corner=&apos;5,5,5,5&apos;&quot; bknormalimage=&quot;file=&apos;vscrollbar_bkg.png&apos; corner=&apos;5,5,5,5&apos;&quot;" />
	<Default name="Option" value="height=&quot;25&quot; normalimage=&quot;file=&apos;png205.png&apos; corner=&apos;5,5,5,5&apos; &quot; "/>
	<VerticalLayout name="VLayout" >
		<VerticalLayout name="VLayoutTask" height="29" bkimage="file=&apos;png202.png&apos; corner=&apos;5,5,5,5&apos;">
			<Option name="OptionUI1" font="0" text="应用程序" tooltip="应用程序" userdata="0" float="true" pos="15,5,85,30" group="task" selected="true"/>
			<Option name="OptionUI2" font="0" text="进程" tooltip="进程" userdata="1" float="true" pos="97,5,167,30" group="task" />
			<Option name="OptionUI3" font="0" text="win32服务" tooltip="win32服务" userdata="2" float="true" pos="179,5,249,30" group="task"/>
			<Option name="OptionUI4" font="0" text="核心服务" tooltip="核心服务" userdata="3" float="true" pos="261,5,331,30" group="task" />
			<Option name="OptionUI5" font="0" text="用户" tooltip="用户" userdata="4" float="true" pos="343,5,413,30" group="task" />
		</VerticalLayout>
		<VerticalLayout name="VLayoutTask2" height="23" bkimage="file=&apos;png223.png&apos; corner=&apos;5,5,5,5&apos;">
		</VerticalLayout>
		<TabLayout name="TaskWizard" showanimate="false" > 
			<VerticalLayout name="VLayoutApp" virtualwnd="app">
				<List name="App" >
					<ListHeader bkimage="file=&apos;listheadbk.png&apos; corner=&apos;1,1,1,1&apos;">
						<ListHeaderItem text="任务" width="200" sepimage="file=&apos;ListHeadSep.png&apos;" sepwidth="1"/>
						<ListHeaderItem text="状态" width="60" sepimage="file=&apos;ListHeadSep.png&apos;" sepwidth="1"/>
					</ListHeader>
				</List>
			</VerticalLayout>
			<VerticalLayout name="VLayoutProcess" virtualwnd="process">
				<List name="Wnd" >
					<ListHeader bkimage="file=&apos;listheadbk.png&apos; corner=&apos;1,1,1,1&apos;">				
						<ListHeaderItem text="进程名" sepimage="file=&apos;ListHeadSep.png&apos;" sepwidth="1"/>
						<ListHeaderItem text="PID" sepimage="file=&apos;ListHeadSep.png&apos;" sepwidth="1"/>
						<ListHeaderItem text="用户名" sepimage="file=&apos;ListHeadSep.png&apos;" sepwidth="1"/>
						<ListHeaderItem text="CPU" sepimage="file=&apos;ListHeadSep.png&apos;" sepwidth="1"/>
						<ListHeaderItem text="描述" sepimage="file=&apos;ListHeadSep.png&apos;" sepwidth="1"/>
					</ListHeader>
				</List>
			</VerticalLayout>
			<VerticalLayout name="VLayoutService" virtualwnd="services" linesize="12" >
				<List name="Service" vscrollbar="true" hscrollbar="true" menu="true" itemalign="left" itemfont="0" itemtextpadding="5,0,0,0"  multiexpanding="true"  itemlinecolor="#FF939393" >
					<ListHeader bkimage="file=&apos;listheadbk.png&apos; corner=&apos;1,1,1,1&apos;">			
						<ListHeaderItem text="名称" sepimage="file=&apos;ListHeadSep.png&apos;" sepwidth="1"/>
						<ListHeaderItem text="显示名称" sepimage="file=&apos;ListHeadSep.png&apos;" sepwidth="1"/>
						<ListHeaderItem text="描述" sepimage="file=&apos;ListHeadSep.png&apos;" sepwidth="1"/>
					</ListHeader>
				</List>
			</VerticalLayout>
			<VerticalLayout name="VLayoutDriver" virtualwnd="driver">
				<List name="Driver" vscrollbar="true" hscrollbar="true" menu="true" itemalign="left" itemfont="0" itemtextpadding="5,0,0,0"  multiexpanding="true"  itemlinecolor="#FF939393" >
					<ListHeader bkimage="file=&apos;listheadbk.png&apos; corner=&apos;1,1,1,1&apos;">		
						<ListHeaderItem text="名称" sepimage="file=&apos;ListHeadSep.png&apos;" sepwidth="1"/>
						<ListHeaderItem text="显示名称" sepimage="file=&apos;ListHeadSep.png&apos;" sepwidth="1"/>
						<ListHeaderItem text="描述" sepimage="file=&apos;ListHeadSep.png&apos;" sepwidth="1"/>
					</ListHeader>
				</List>
			</VerticalLayout>
			<VerticalLayout name="VLayoutUser" virtualwnd="user">
				<List name="User" vscrollbar="true" hscrollbar="true" menu="true" itemalign="center" itemfont="0" itemtextpadding="5,0,0,0"  multiexpanding="true"  itemlinecolor="#FF939393" >
					<ListHeader bkimage="file=&apos;listheadbk.png&apos; corner=&apos;1,1,1,1&apos;">		
						<ListHeaderItem text="标识" sepimage="file=&apos;ListHeadSep.png&apos;" sepwidth="1"/>
						<ListHeaderItem text="用户" sepimage="file=&apos;ListHeadSep.png&apos;" sepwidth="1"/>
						<ListHeaderItem text="状态" sepimage="file=&apos;ListHeadSep.png&apos;" sepwidth="1"/>
						<ListHeaderItem text="客户端名称" sepimage="file=&apos;ListHeadSep.png&apos;" sepwidth="1"/>
						<ListHeaderItem text="客户端IP" sepimage="file=&apos;ListHeadSep.png&apos;" sepwidth="1"/>
						<ListHeaderItem text="会话" sepimage="file=&apos;ListHeadSep.png&apos;" sepwidth="1"/>
					</ListHeader>
				</List>
			</VerticalLayout>
		</TabLayout>
	</VerticalLayout>
</Window>

