<?xml version="1.0" encoding="utf-8" standalone="yes" ?>
<Window size="277,645" sizebox="4,4,6,6" caption="0,0,0,160" roundcorner="5,5" bktrans="true">
    <Font name="微软雅黑" size="16" bold="false" italic="false" />
    <VerticalLayout name="VLayoutTotal" bordersize="0" pos="0,1,0,1" bkimage="main_bkg.jpg">
        <VerticalLayout name="WinBorder" bordersize="0" bkimage="file=&apos;border.png&apos; corner=&apos;5,5,5,5&apos; mask=&apos;0xffffffff&apos; fade=&apos;200&apos;" relativepos="0,0,0,0">
            <VerticalLayout name="VLayoutHead" bordersize="0" pos="0,0,0,160" height="160">
                <HorizontalLayout name="HLayoutTitle" bordersize="0" pos="0,0,0,40" height="40">
                    <HorizontalLayout name="HLayoutWinName" bordersize="0" pos="0,0,80,40" width="80" height="40">
                        <Label name="WindowName" text="一键通" bordersize="0" float="true" pos="7,4,67,34" textpadding="2,0,2,0" textcolor="#00FFFFFF" disabledtextcolor="#FFA7A6AA" font="0" />
                    </HorizontalLayout>
                    <HorizontalLayout name="HLayoutHeadCenter" bordersize="0" />
                    <HorizontalLayout name="HLayoutSys" bordersize="0" pos="0,0,96,40" width="96" height="40">
                        <Button name="BtnSkin" tooltip="换肤" bordersize="0" float="true" pos="1,0,29,20" textcolor="#FF000000" disabledtextcolor="#FFA7A6AA" align="center" normalimage="file=&apos;BtnSkin.png&apos; source=&apos;0,0,28,20&apos;" hotimage="file=&apos;BtnSkin.png&apos; source=&apos;28,0,56,20&apos;" pushedimage="file=&apos;BtnSkin.png&apos; source=&apos;56,0,84,20&apos;" />
                        <Button name="BtnMin" tooltip="最小化" bordersize="0" float="true" pos="29,0,57,20" textcolor="#FF000000" disabledtextcolor="#FFA7A6AA" align="center" normalimage="file=&apos;BtnMin.png&apos; source=&apos;0,0,28,20&apos;" hotimage="file=&apos;BtnMin.png&apos; source=&apos;28,0,56,20&apos;" pushedimage="file=&apos;BtnMin.png&apos; source=&apos;56,0,84,20&apos;" />
                        <Button name="BtnClose" tooltip="关闭" bordersize="0" float="true" pos="57,0,96,20" textcolor="#FF000000" disabledtextcolor="#FFA7A6AA" align="center" normalimage="file=&apos;BtnClose.png&apos; source=&apos;0,0,39,20&apos;" hotimage="file=&apos;BtnClose.png&apos; source=&apos;39,0,78,20&apos;" pushedimage="file=&apos;BtnClose.png&apos; source=&apos;78,0,117,20&apos;" />
                    </HorizontalLayout>
                </HorizontalLayout>
                <HorizontalLayout name="HLayoutPic" bordersize="0" pos="0,0,0,85" height="85">
                    <HorizontalLayout name="HLayoutFace" bordersize="0" pos="0,0,90,85" width="90" height="85">
                        <Button name="BtnFace" tooltip="修改头像" bordersize="0" float="true" pos="4,1,86,83" bkimage="picture_.png" textcolor="#FF000000" disabledtextcolor="#FFA7A6AA" align="center" normalimage="file=&apos;UserFace.bmp&apos; dest=&apos;1,1,81,81&apos;" />
                    </HorizontalLayout>
                    <HorizontalLayout name="HorizontalLayoutUI1" bordersize="0" />
                    <VerticalLayout name="VerticalLayoutUI1" bordersize="0" pos="0,0,60,0" width="60">
                        <HorizontalLayout name="HorizontalLayoutUI3" bordersize="0" />
                        <HorizontalLayout name="HorizontalLayoutUI4" bordersize="0" pos="31,57,91,87" width="60" height="30">
                            <Button name="BtnChangeSkin" tooltip="更换皮肤" bordersize="0" float="true" pos="12,5,32,25" padding="2,2,0,0" bkimage="BtnSkinColor.png" textcolor="#FF000000" disabledtextcolor="#FFA7A6AA" align="center" normalimage="BtnSkinColor.png" hotimage="btn_hover.png" pushedimage="btn_press.png" />
                            <Button name="BtnChangeColor" tooltip="调整颜色" bordersize="0" float="true" pos="35,5,55,25" bkimage="file=&apos;BtnColor.png&apos; corner=&apos;3,3,3,3&apos;" textcolor="#FF000000" disabledtextcolor="#FFA7A6AA" align="center" normalimage="file=&apos;BtnColor.png&apos; corner=&apos;3,3,3,3&apos;" hotimage="btn_hover.png" pushedimage="btn_press.png" />
                        </HorizontalLayout>
                    </VerticalLayout>
                </HorizontalLayout>
            </VerticalLayout>
            <VerticalLayout name="VLayoutBody" bordersize="0" bkimage="file=&apos;main_bottom_bkg.png&apos; source=&apos;0,44,50,111&apos; corner=&apos;20,20,20,20&apos;" />
            <VerticalLayout name="VLayoutFoot" bordersize="0" pos="0,0,277,30" width="277" height="30">
                <Button name="BtnCloseDisplay" tooltip="关闭显示器" bordersize="0" float="true" pos="7,4,27,24" bkimage="display.png" textcolor="#FF000000" disabledtextcolor="#FFA7A6AA" align="center" normalimage="display.png" hotimage="btn_hover.png" pushedimage="btn_press.png" />
                <Button name="BtnLock" tooltip="锁定计算机" bordersize="0" float="true" pos="33,4,53,24" bkimage="lock.png" textcolor="#FF000000" disabledtextcolor="#FFA7A6AA" align="center" normalimage="lock.png" hotimage="btn_hover.png" pushedimage="btn_press.png" />
                <Button name="BtnIconCache" tooltip="重建图标缓存" bordersize="0" float="true" pos="60,4,80,24" bkimage="Icon.png" textcolor="#FF000000" disabledtextcolor="#FFA7A6AA" align="center" normalimage="Icon.png" hotimage="btn_hover.png" pushedimage="btn_press.png" />
                <Button name="ButtonUI4" bordersize="0" float="true" pos="88,4,108,24" bkimage="Setting.png" textcolor="#FF000000" disabledtextcolor="#FFA7A6AA" align="center" normalimage="Setting.png" hotimage="btn_hover.png" pushedimage="btn_press.png" />
            </VerticalLayout>
        </VerticalLayout>
    </VerticalLayout>
</Window>
