<?xml version="1.0" encoding="utf-8" standalone="yes" ?>
<Window size="140,160" sizebox="4,4,6,6" caption="0,0,0,30" roundcorner="3,3">
    <Font name="微软雅黑" size="16" bold="false" italic="false" />
    <VerticalLayout name="VLayoutTotal" bordersize="0" pos="228,80,288,110" width="60" height="30" bkimage="file=&apos;bg.bmp&apos; corner=&apos;4,4,2,2&apos; mask=&apos;0xffffffff&apos;" bordercolor="#00000080">
        <HorizontalLayout name="HLayoutHead" bordersize="0" pos="0,0,0,32" height="32">
            <Option name="BtnAdjColor" text="调色" tooltip="调整对话框的颜色" bordersize="0" float="true" pos="0,0,70,32" disabledtextcolor="#FFA7A6AA" font="0" align="center" group="groupcolor" selected="true" selectedimage="unsel.bmp" />
            <Option name="BtnAdjBk" text="底纹" tooltip="调整对话框底纹" bordersize="0" float="true" pos="70,0,140,32" textcolor="#FF000000" disabledtextcolor="#FFA7A6AA" font="0" align="center" group="groupcolor" selectedimage="unsel.bmp" />
        </HorizontalLayout>
        <TabLayout name="TabLayout" bordersize="0" bkimage="list_bk.png">
            <VerticalLayout name="VColorLayout" bordersize="0">
                <TileLayout name="TileLayoutColor" bordersize="0" pos="0,0,0,60" height="60">
                    <Button name="BtnColorUI1" bordersize="0" float="true" pos="14,7,32,25" bkcolor="#FF66BAEB" textcolor="#FF000000" disabledtextcolor="#FFA7A6AA" align="center" normalimage="colour_001.bmp" hotimage="colour_001highlight.bmp" pushedimage="colour_001highlight.bmp" />
                    <Button name="BtnColorUI2" bordersize="0" float="true" pos="44,7,62,25" bkcolor="#FF76A8D0" textcolor="#FF000000" disabledtextcolor="#FFA7A6AA" align="center" normalimage="colour_002.bmp" hotimage="colour_002highlight.bmp" pushedimage="colour_002highlight.bmp" />
                    <Button name="BtnColorUI3" bordersize="0" float="true" pos="78,7,96,25" bkcolor="#FFA138D8" textcolor="#FF000000" disabledtextcolor="#FFA7A6AA" align="center" normalimage="colour_003.bmp" hotimage="colour_003highlight.bmp" pushedimage="colour_003highlight.bmp" />
                    <Button name="BtnColorUI4" bordersize="0" float="true" pos="110,7,128,25" bkcolor="#FF6EC446" textcolor="#FF000000" disabledtextcolor="#FFA7A6AA" align="center" normalimage="colour_004.bmp" hotimage="colour_004highlight.bmp" pushedimage="colour_004highlight.bmp" />
                    <Button name="BtnColorUI5" bordersize="0" float="true" pos="15,35,33,53" bkcolor="#FFD08942" textcolor="#FF000000" disabledtextcolor="#FFA7A6AA" align="center" normalimage="colour_005.bmp" hotimage="colour_005highlight.bmp" pushedimage="colour_005highlight.bmp" />
                    <Button name="BtnColorUI6" bordersize="0" float="true" pos="44,35,62,53" bkcolor="#FFC55C3C" textcolor="#FF000000" disabledtextcolor="#FFA7A6AA" align="center" normalimage="colour_006.bmp" hotimage="colour_006highlight.bmp" pushedimage="colour_006highlight.bmp" />
                    <Button name="BtnColorUI7" bordersize="0" float="true" pos="78,35,96,53" bkcolor="#FFC13892" textcolor="#FF000000" disabledtextcolor="#FFA7A6AA" align="center" normalimage="colour_007.bmp" hotimage="colour_007highlight.bmp" pushedimage="colour_007highlight.bmp" />
                    <Button name="BtnColorUI8" bordersize="0" float="true" pos="110,35,128,53" bkcolor="#FF929292" textcolor="#FF000000" disabledtextcolor="#FFA7A6AA" align="center" normalimage="colour_008.bmp" hotimage="colour_008highlight.bmp" pushedimage="colour_008highlight.bmp" />
                </TileLayout>
                <HorizontalLayout name="AdjustColorSlider" bordersize="0">
                    <Slider name="AdjustColorSliderG" bordersize="0" float="true" pos="6,25,131,44" bkimage="file=&apos;AdjustColorSliderS_foreground.bmp&apos; mask=&apos;0xffff00ff&apos;" textcolor="#FF000000" disabledtextcolor="#FFA7A6AA" align="center" min="0" max="255" value="0" hor="true" thumbimage="file=&apos;SelectColor_SliderBar_Thumb.png&apos; mask=&apos;0xffffffff&apos;" thumbhotimage="file=&apos;SelectColor_SliderBar_Thumb.png&apos; mask=&apos;0xffffffff&apos;" thumbpushedimage="SelectColor_SliderBar_Thumb.png" thumbsize="12,20" />
                    <Slider name="AdjustColorSliderR" bordersize="0" float="true" pos="6,4,131,23" bkimage="file=&apos;AdjustColorSliderH_foreground.bmp&apos; mask=&apos;0xffff00ff&apos;" textcolor="#FF000000" disabledtextcolor="#FFA7A6AA" align="center" min="0" max="255" value="0" hor="true" thumbimage="file=&apos;SelectColor_SliderBar_Thumb.png&apos; mask=&apos;0xffffffff&apos;" thumbhotimage="file=&apos;SelectColor_SliderBar_Thumb.png&apos; mask=&apos;0xffffffff&apos;" thumbpushedimage="file=&apos;SelectColor_SliderBar_Thumb.png&apos; mask=&apos;0xffffffff&apos;" thumbsize="12,20" />
                    <Slider name="AdjustColorSliderB" bordersize="0" float="true" pos="6,46,131,65" bkimage="file=&apos;AdjustColorSliderL_foreground.bmp&apos; mask=&apos;0xffff00ff&apos;" textcolor="#FF000000" disabledtextcolor="#FFA7A6AA" align="center" min="0" max="255" value="0" hor="true" thumbimage="file=&apos;SelectColor_SliderBar_Thumb.png&apos; mask=&apos;0xffffffff&apos;" thumbhotimage="SelectColor_SliderBar_Thumb.png" thumbpushedimage="SelectColor_SliderBar_Thumb.png" thumbsize="12,20" />
                </HorizontalLayout>
            </VerticalLayout>
            <VerticalLayout name="VBkLayout" bordersize="0">
                <TileLayout name="TileLayoutUI1" bordersize="0">
                    <Button name="BtnSkinUI1" bordersize="0" float="true" pos="13,8,42,37" textcolor="#FF000000" disabledtextcolor="#FFA7A6AA" align="center" normalimage="Normal_1.png" hotimage="MouseOver_1.png" />
                    <Button name="BtnSkinUI2" bordersize="0" float="true" pos="58,8,87,37" textcolor="#FF000000" disabledtextcolor="#FFA7A6AA" align="center" normalimage="Normal_2.png" hotimage="MouseOver_2.png" />
                    <Button name="BtnSkinUI3" bordersize="0" float="true" pos="101,8,130,37" textcolor="#FF000000" disabledtextcolor="#FFA7A6AA" align="center" normalimage="Normal_3.png" hotimage="MouseOver_3.png" />
                    <Button name="BtnSkinUI4" bordersize="0" float="true" pos="13,52,42,81" textcolor="#FF000000" disabledtextcolor="#FFA7A6AA" align="center" normalimage="Normal_4.png" hotimage="MouseOver_4.png" />
                    <Button name="BtnSkinUI5" bordersize="0" float="true" pos="58,52,87,81" textcolor="#FF000000" disabledtextcolor="#FFA7A6AA" align="center" normalimage="Normal_5.png" hotimage="MouseOver_5.png" />
                    <Button name="BtnSkinUI6" bordersize="0" float="true" pos="101,52,130,81" textcolor="#FF000000" disabledtextcolor="#FFA7A6AA" align="center" normalimage="Normal_6.png" hotimage="MouseOver_6.png" />
                    <Button name="BtnSkinUI7" bordersize="0" float="true" pos="13,93,42,122" textcolor="#FF000000" disabledtextcolor="#FFA7A6AA" align="center" normalimage="Normal_7.png" hotimage="MouseOver_7.png" />
                    <Button name="BtnSkinUI8" bordersize="0" float="true" pos="58,93,87,122" textcolor="#FF000000" disabledtextcolor="#FFA7A6AA" align="center" normalimage="Normal_8.png" hotimage="MouseOver_8.png" />
                    <Button name="BtnSkinUI9" bordersize="0" float="true" pos="101,93,130,122" textcolor="#FF000000" disabledtextcolor="#FFA7A6AA" align="center" normalimage="Normal_9.png" hotimage="MouseOver_9.png" />
                </TileLayout>
            </VerticalLayout>
        </TabLayout>
    </VerticalLayout>
</Window>
