<?xml version="1.0" encoding="utf-8" standalone="yes" ?>
<Window size="260,160" sizebox="4,4,6,6" caption="0,0,0,30" roundcorner="5,5">
    <Font name="微软雅黑" size="16" bold="false" italic="false" />
    <VerticalLayout name="VLayoutTotal" bordersize="0" pos="282,87,342,117" width="60" height="30" bkimage="main_bkg.jpg">
        <VerticalLayout name="VLayoutBorder" bordersize="0" bkimage="file=&apos;border.png&apos; corner=&apos;5,5,5,5&apos;">
            <HorizontalLayout name="HLayoutHead" bordersize="0">
                <HorizontalLayout name="HorizontalLayoutUI1" bordersize="0">
                    <Label name="WinTitle" text="信息提示标题" bordersize="0" float="true" pos="13,2,159,27" textcolor="#00FFFFFF" disabledtextcolor="#FFA7A6AA" font="0" />
                </HorizontalLayout>
                <HorizontalLayout name="HorizontalLayoutUI2" bordersize="0" pos="0,0,39,30" width="39" height="30">
                    <Button name="BtnClose" tooltip="关闭" bordersize="0" float="true" pos="0,0,39,20" textcolor="#FF000000" disabledtextcolor="#FFA7A6AA" align="center" normalimage="file=&apos;BtnClose.png&apos; source=&apos;0,0,39,20&apos;" hotimage="file=&apos;BtnClose.png&apos; source=&apos;39,0,78,20&apos;" pushedimage="file=&apos;BtnClose.png&apos; source=&apos;78,0,117,20&apos;" />
                </HorizontalLayout>
            </HorizontalLayout>
            <HorizontalLayout name="HLayoutBody" bordersize="0" pos="0,0,260,130" width="260" height="130">
                <Text name="DialogTipInfo" text="伟大的中华人民共和国万岁！" bordersize="0" float="true" pos="0,0,260,130" textpadding="5,5,5,5" textcolor="#00FFFFFF" disabledtextcolor="#FFA7A6AA" font="0" />
            </HorizontalLayout>
        </VerticalLayout>
    </VerticalLayout>
</Window>
