<?xml version="1.0" encoding="utf-8" standalone="yes" ?>
<Window size="267,645" sizebox="4,4,6,6" caption="0,0,0,160" mininfo="263,645" roundcorner="5,5" maxbox="false" bktrans="true">
    <Font name="微软雅黑" size="16" bold="false" italic="false" />
    <Font name="楷体" size="16" bold="false" italic="false" />
    <Font name="微软雅黑" size="12" bold="true" italic="false" />
    <Default name="VScrollBar" value="showscrollbar=&quot;false&quot; width=&quot;10&quot; showbutton1=&quot;false&quot; showbutton2=&quot;false&quot; thumbnormalimage=&quot;file=&apos;vscrollbarthumb.png&apos; source=&apos;0,0,10,42&apos; corner=&apos;5,5,5,5&apos;&quot; thumbhotimage=&quot;file=&apos;vscrollbarthumb.png&apos; source=&apos;10,0,20,42&apos; corner=&apos;5,5,5,5&apos;&quot; thumbpushedimage=&quot;file=&apos;vscrollbarthumb.png&apos; source=&apos;20,0,30,42&apos; corner=&apos;5,5,5,5&apos;&quot; bknormalimage=&quot;file=&apos;vscrollbar_bkg.png&apos; corner=&apos;5,5,5,5&apos;&quot;" />
    <VerticalLayout name="VLayoutTotal" pos="0,1,0,1" bkimage="file=&apos;main_bkg.jpg&apos; corner=&apos;600,200,1,1&apos;">
        <VerticalLayout name="WinBorder" bkimage="file=&apos;border.png&apos; corner=&apos;5,5,5,5&apos; mask=&apos;0xffffffff&apos; ">
            <VerticalLayout name="VLayoutHead" pos="0,0,0,160" height="160">
                <HorizontalLayout name="HLayoutTitle" pos="0,0,0,40" height="40">
                    <HorizontalLayout name="HLayoutWinName" pos="0,0,80,40" width="80" height="40">
                        <Label name="WindowName" text="大管家" float="true" pos="7,4,67,34" textpadding="2,0,2,0" textcolor="#00FFFFFF" disabledtextcolor="#FFA7A6AA" font="0" />
                    </HorizontalLayout>
                    <HorizontalLayout name="HLayoutHeadCenter" />
                    <HorizontalLayout name="HLayoutSys" pos="0,0,96,40" width="96" height="40">
                        <Button name="BtnSkin" tooltip="换肤" float="true" pos="1,0,29,20" textcolor="#FF000000" disabledtextcolor="#FFA7A6AA" align="center" normalimage="file=&apos;BtnSkin.png&apos; source=&apos;0,0,28,20&apos;" hotimage="file=&apos;BtnSkin.png&apos; source=&apos;28,0,56,20&apos;" pushedimage="file=&apos;BtnSkin.png&apos; source=&apos;56,0,84,20&apos;" />
                        <Button name="BtnMin" tooltip="最小化" float="true" pos="29,0,57,20" textcolor="#FF000000" disabledtextcolor="#FFA7A6AA" align="center" normalimage="file=&apos;BtnMin.png&apos; source=&apos;0,0,28,20&apos;" hotimage="file=&apos;BtnMin.png&apos; source=&apos;28,0,56,20&apos;" pushedimage="file=&apos;BtnMin.png&apos; source=&apos;56,0,84,20&apos;" />
                        <Button name="BtnClose" tooltip="关闭" float="true" pos="57,0,96,20" textcolor="#FF000000" disabledtextcolor="#FFA7A6AA" align="center" normalimage="file=&apos;BtnClose.png&apos; source=&apos;0,0,39,20&apos;" hotimage="file=&apos;BtnClose.png&apos; source=&apos;39,0,78,20&apos;" pushedimage="file=&apos;BtnClose.png&apos; source=&apos;78,0,117,20&apos;" />
                    </HorizontalLayout>
                </HorizontalLayout>
                <HorizontalLayout name="HLayoutCenter" pos="0,0,0,85" height="85">
                    <HorizontalLayout name="HLayoutFace" pos="0,0,90,85" width="90" height="85">
                        <Button name="BtnFace" tooltip="修改头像" float="true" pos="4,1,86,83" bkimage="picture_.png" textcolor="#FF000000" disabledtextcolor="#FFA7A6AA" align="center" normalimage="file=&apos;UserFace.bmp&apos; dest=&apos;1,1,81,81&apos;" />
                    </HorizontalLayout>
                    <VerticalLayout name="VLayoutUserInfo">
                        <HorizontalLayout name="HorizontalLayoutUI1" pos="0,0,127,30" width="127" height="30">
                            <Text name="LabelUserName" text="主人" pos="5,8,44,38" width="39" height="30" maxheight="30" maxwidth="100" textpadding="2,0,2,0" textcolor="#00FFFFFF" disabledtextcolor="#FFA7A6AA" font="0" />
                            <HorizontalLayout name="HorizontalLayoutUI5" pos="0,0,27,30" width="27" height="30">
                                <Button name="BtnStatus" tooltip="状态" float="true" pos="3,3,23,23" bkimage="file=&apos;imonline.png&apos; dest=&apos;4,4,16,16&apos;" textcolor="#FF000000" disabledtextcolor="#FFA7A6AA" align="center" normalimage="file=&apos;imonline.png&apos; dest=&apos;4,4,16,16&apos;" hotimage="btn_hover.png" pushedimage="btn_press.png" />
                            </HorizontalLayout>
                        </HorizontalLayout>
                        <HorizontalLayout name="HorizontalLayoutUI2" />
                    </VerticalLayout>
                    <VerticalLayout name="VerticalLayoutUI1" pos="0,0,60,0" width="60">
                        <HorizontalLayout name="HLayoutWeather">
                            <HorizontalLayout name="HorizontalLayoutUI3" />
                            <HorizontalLayout name="HorizontalLayoutUI4" pos="0,0,48,48" width="48" height="48" bkimage="s_a1.png" />
                        </HorizontalLayout>
                        <HorizontalLayout name="HLayoutSkin" pos="31,57,91,87" width="60" height="30">
                            <Button name="BtnChangeSkin" tooltip="更换皮肤" float="true" pos="12,5,32,25" padding="2,2,0,0" bkimage="BtnSkinColor.png" textcolor="#FF000000" disabledtextcolor="#FFA7A6AA" align="center" normalimage="BtnSkinColor.png" hotimage="btn_hover.png" pushedimage="btn_press.png" />
                            <Button name="BtnChangeColor" tooltip="调整颜色" float="true" pos="35,5,55,25" bkimage="file=&apos;BtnColor.png&apos; corner=&apos;3,3,3,3&apos;" textcolor="#FF000000" disabledtextcolor="#FFA7A6AA" align="center" normalimage="file=&apos;BtnColor.png&apos; corner=&apos;3,3,3,3&apos;" hotimage="btn_hover.png" pushedimage="btn_press.png" />
                        </HorizontalLayout>
                    </VerticalLayout>
                </HorizontalLayout>
				<HorizontalLayout name="HLayoutTools" pos="0,0,0,35">
					<Button name="BtnSpy" tooltip="Spy++" float="true" pos="7,4,27,24" bkimage="pc.png" textcolor="#FF000000" disabledtextcolor="#FFA7A6AA" align="center" normalimage="pc.png" hotimage="btn_hover.png" pushedimage="btn_press.png" />
				</HorizontalLayout>
            </VerticalLayout>
            <VerticalLayout name="VLayoutBody" bkimage="file=&apos;main_bottom_bkg.png&apos; source=&apos;0,44,50,111&apos; corner=&apos;20,20,20,20&apos;" inset="2,1,3,4" >
				<ListCtrl name="Tools" childpadding="1,1,1,1" padding="4,0,2,2" vscrollbar="true" hotimage="file=&apos;btn_hover.png&apos; corner=&apos;2,2,2,2&apos;" bkimage="file=&apos;btn_press.png&apos; corner=&apos;2,2,2,2&apos;"/>
			</VerticalLayout>
            <VerticalLayout name="VLayoutFoot" pos="0,0,277,30" width="277" height="30">
                <Button name="BtnCloseDisplay" tooltip="关闭显示器" float="true" pos="7,4,27,24" bkimage="display.png" textcolor="#FF000000" disabledtextcolor="#FFA7A6AA" align="center" normalimage="display.png" hotimage="btn_hover.png" pushedimage="btn_press.png" />
                <Button name="BtnLock" tooltip="锁定计算机" float="true" pos="33,4,53,24" bkimage="lock.png" textcolor="#FF000000" disabledtextcolor="#FFA7A6AA" align="center" normalimage="lock.png" hotimage="btn_hover.png" pushedimage="btn_press.png" />
                <Button name="BtnIconCache" tooltip="重建图标缓存" float="true" pos="60,4,80,24" bkimage="Icon.png" textcolor="#FF000000" disabledtextcolor="#FFA7A6AA" align="center" normalimage="Icon.png" hotimage="btn_hover.png" pushedimage="btn_press.png" />
                <Button name="ButtonUI4" float="true" pos="88,4,108,24" bkimage="Setting.png" textcolor="#FF000000" disabledtextcolor="#FFA7A6AA" align="center" normalimage="Setting.png" hotimage="btn_hover.png" pushedimage="btn_press.png" />
            </VerticalLayout>
        </VerticalLayout>
    </VerticalLayout>
</Window>
