﻿<?xml version="1.0" encoding="utf-8" standalone="yes" ?>
<Window size="190,100" sizebox="4,4,6,6" roundcorner="5,5" maxbox="false" layered="true" >
    <Font name="微软雅黑" size="13" bold="false" italic="false" />
	<Font name="微软雅黑" size="12" bold="false" italic="false" />
	<VerticalLayout name="VLayoutTotal" bkimage="file=&apos;WeatherInfo.png&apos; corner=&apos;10,10,10,10&apos;">
		<HorizontalLayout name="HLayoutTotal" padding="15,0,12,0">
			<VerticalLayout width="100" >
				<Control height="20" />
				<HorizontalLayout height="20">
					<Label name="Location" text="" padding="0,0,5,0" font="1" autocalcwidth="true" textcolor="#FFDAE9F7"/>
					<Label name="WeatherInfo" text="" font="1" textcolor="#FFDAE9F7" />
				</HorizontalLayout>
				<Label name="Range" text="" font="1" textcolor="#FFDAE9F7" />
				<HorizontalLayout height="20">
					<Label name="PM25Title" text="PM2.5:" font="1" padding="0,0,2,0" autocalcwidth="true" textcolor="#FFDAE9F7" />
					<Label name="PM25Info" text="" font="1" textcolor="#FFDAE9F7" />
				</HorizontalLayout>
			</VerticalLayout>
			<Control />
			<VerticalLayout width="60" >
				<Label name="ImgType" width="60" height="60" floatalign="center,vcenter"/>
			</VerticalLayout>
		</HorizontalLayout>
	</VerticalLayout>
</Window>