<?xml version="1.0" encoding="utf-8"?>
<Window size="300,160" caption="0,0,0,32" roundcorner="5,5" maxbox="false" borderround="5,5">
  <Font id="0" name="微软雅黑" size="12" default="true"/>
  <Font id="1" name="微软雅黑" size="14"/>

  <VerticalLayout bkimage="file=&apos;bk.png&apos; corner=&apos;5,32,10,5&apos;" borderround="5,5">
	<VerticalLayout name="VLayoutBorder" bkimage="file=&apos;border.png&apos; corner=&apos;5,5,5,5&apos;">
		<HorizontalLayout name="appbar" height="32">
			<Label name="Title" valign="vcenter" text="提示" padding="10,0,0,0" textcolor="#FF000000" font="1"/>
			<Button name="BtnClose" width="39" height="20" tooltip="关闭" normalimage="file=&apos;BtnClose.png&apos; source=&apos;0,0,39,20&apos;" hotimage="file=&apos;BtnClose.png&apos; source=&apos;39,0,78,20&apos;" pushedimage="file=&apos;BtnClose.png&apos; source=&apos;78,0,117,20&apos;"/>
		</HorizontalLayout>
		<HorizontalLayout inset="10,20,10,10">
			<Picture width="32" height="32" visible="false"/>
			<VerticalLayout>
				<Text name="MsgText" text="    TTimeHelper.exe 正在运行，是否强制继续安装？" wordbreak="true" textcolor="#FF000000" font="1"/>
			</VerticalLayout>
		</HorizontalLayout>
		<HorizontalLayout height="40" inset="10,0,10,10">
		  <Control />
		  <Button name="BtnConfirm" text="确定" tooltip="确定" height="30" width="75" align="center" valign="vcenter" normalimage="file=&apos;InstallBtn.png&apos; dest=&apos;0,0,164,38&apos; source=&apos;0,0,164,38&apos; corner=&apos;8,8,8,8&apos;" hotimage="file=&apos;InstallBtn.png&apos; dest=&apos;0,0,162,38&apos; source=&apos;0,38,162,76&apos; corner=&apos;8,8,8,8&apos;" pushedimage="file=&apos;InstallBtn.png&apos; dest=&apos;0,0,162,38&apos; source=&apos;0,76,162,114&apos; corner=&apos;8,8,8,8&apos;"/>
		  <Control width="20"/>
		  <Button name="BtnCancel" text="取消" tooltip="取消" height="30" width="75" align="center" valign="vcenter" normalimage="file=&apos;InstallBtn.png&apos; dest=&apos;0,0,164,38&apos; source=&apos;0,0,164,38&apos; corner=&apos;8,8,8,8&apos;" hotimage="file=&apos;InstallBtn.png&apos; dest=&apos;0,0,162,38&apos; source=&apos;0,38,162,76&apos; corner=&apos;8,8,8,8&apos;" pushedimage="file=&apos;InstallBtn.png&apos; dest=&apos;0,0,162,38&apos; source=&apos;0,76,162,114&apos; corner=&apos;8,8,8,8&apos;"/>
		  <Control width="20"/>
		</HorizontalLayout>
	</VerticalLayout>
  </VerticalLayout>
</Window>