<?xml version="1.0" encoding="utf-8"?>
<Window caption="0,0,0,40" size="400,195" caption="0,0,0,32" roundcorner="5,5" maxbox="false" >
  <Font id="0" name="微软雅黑" size="12" default="true"/>
  <Font id="1" name="微软雅黑" size="14"/>

  <VerticalLayout bkcolor="#FF666666">
	<VerticalLayout name="VLayoutBorder" bkimage="file=&apos;border.png&apos; corner=&apos;5,5,5,5&apos; hole=&apos;false&apos;">
		<HorizontalLayout name="appbar" height="32" bkcolor="#FF202223">
			<Label name="Title" valign="vcenter" text="提示" textcolor="#FFFFFFFF" font="1" />
			<Button name="closebtn" width="39" height="20" tooltip="关闭" normalimage="file=&apos;BtnClose.png&apos; source=&apos;0,0,39,20&apos;" hotimage="file=&apos;BtnClose.png&apos; source=&apos;39,0,78,20&apos;" pushedimage="file=&apos;BtnClose.png&apos; source=&apos;78,0,117,20&apos;"/>
		</HorizontalLayout>
		<VerticalLayout inset="20,10,20,10">
		  <Label name="MsgText" textcolor="#FFFFFFFF" font="1" align="left" valign="vcenter"/>
		</VerticalLayout>
		<HorizontalLayout height="60" inset="10,10,10,10">
		  <Control />
		  <Button name="BtnConfirm" text="确定" height="30" width="75" align="center" valign="vcenter" normalimage="file=&apos;InstallBtn.png&apos; dest=&apos;0,0,164,38&apos; source=&apos;0,0,164,38&apos; corner=&apos;8,8,8,8&apos;" hotimage="file=&apos;InstallBtn.png&apos; dest=&apos;0,0,162,38&apos; source=&apos;0,38,162,76&apos; corner=&apos;8,8,8,8&apos;" pushedimage="file=&apos;InstallBtn.png&apos; dest=&apos;0,0,162,38&apos; source=&apos;0,76,162,114&apos; corner=&apos;8,8,8,8&apos;"/>
		  <Control width="20"/>
		  <Button name="BtnCancel" text="取消" height="30" width="75" align="center" valign="vcenter" normalimage="file=&apos;InstallBtn.png&apos; dest=&apos;0,0,164,38&apos; source=&apos;0,0,164,38&apos; corner=&apos;8,8,8,8&apos;" hotimage="file=&apos;InstallBtn.png&apos; dest=&apos;0,0,162,38&apos; source=&apos;0,38,162,76&apos; corner=&apos;8,8,8,8&apos;" pushedimage="file=&apos;InstallBtn.png&apos; dest=&apos;0,0,162,38&apos; source=&apos;0,76,162,114&apos; corner=&apos;8,8,8,8&apos;"/>
		  <Control width="30"/>
		</HorizontalLayout>
	</VerticalLayout>
  </VerticalLayout>
</Window>