<?xml version="1.0" encoding="utf-8" standalone="yes" ?>
<Window size="400,215" sizebox="0,0,0,0" caption="0,0,0,40" mininfo="400,215" maxinfo="400,215" maxbox="false" bktrans="true" shadow="true" shadowimage="shadow.png" shadowcorner="5,3,5,5" roundcorner="5,5" maxbox="false" >
    <Font name="微软雅黑" size="16" bold="false" italic="false" />
    <Font name="楷体" size="16" bold="false" italic="false" />
    <Font name="微软雅黑" size="12" bold="false" italic="false" />
	<Font name="微软雅黑" size="14" bold="false" italic="false" />
    <Default name="VScrollBar" value="showscrollbar=&quot;false&quot; width=&quot;10&quot; showbutton1=&quot;false&quot; showbutton2=&quot;false&quot; thumbnormalimage=&quot;file=&apos;vscrollbarthumb.png&apos; source=&apos;0,0,10,42&apos; corner=&apos;5,5,5,5&apos;&quot; thumbhotimage=&quot;file=&apos;vscrollbarthumb.png&apos; source=&apos;10,0,20,42&apos; corner=&apos;5,5,5,5&apos;&quot; thumbpushedimage=&quot;file=&apos;vscrollbarthumb.png&apos; source=&apos;20,0,30,42&apos; corner=&apos;5,5,5,5&apos;&quot; bknormalimage=&quot;file=&apos;vscrollbar_bkg.png&apos; corner=&apos;5,5,5,5&apos;&quot;" />
	<Default name="Picture" value="hotimage=&quot;file=&apos;aio_toolbar_highligh.png&apos; corner=&apos;3,3,3,3&apos;&quot; pushedimage=&quot;file=&apos;aio_toolbar_down.png&apos; corner=&apos;3,3,3,3&apos;&quot;" />
    <VerticalLayout name="VLayoutTotal" bkimage="file=&apos;bk.png&apos; corner=&apos;1,40,1,1&apos;" borderround="5,5">
        <VerticalLayout name="WinBorder" bkimage="file=&apos;border.png&apos; corner=&apos;5,5,5,5&apos;">
			<HorizontalLayout name="HLayoutHead" pos="0,0,0,40" height="40">
				<HorizontalLayout name="HLayoutWinName" pos="0,0,280,40" >
					<Label name="WindowName" text="辰锐终端安全客户端参数配置" float="true" pos="7,2,267,34" textpadding="2,0,2,0" textcolor="#FF000000" disabledtextcolor="#FFA7A6AA" font="0" />
				</HorizontalLayout>
				<Control />
				<HorizontalLayout name="HLayoutSys" pos="0,0,96,40" width="96" height="40">
					<Button name="BtnSkin" tooltip="换肤" visible="false" float="true" pos="1,0,29,20" textcolor="#FF000000" disabledtextcolor="#FFA7A6AA" align="center" normalimage="file=&apos;BtnSkin.png&apos; source=&apos;0,0,28,20&apos;" hotimage="file=&apos;BtnSkin.png&apos; source=&apos;28,0,56,20&apos;" pushedimage="file=&apos;BtnSkin.png&apos; source=&apos;56,0,84,20&apos;" />
					<Button name="BtnMin" tooltip="最小化" float="true" pos="29,0,57,20" textcolor="#FF000000" disabledtextcolor="#FFA7A6AA" align="center" normalimage="file=&apos;BtnMin.png&apos; source=&apos;0,0,28,20&apos;" hotimage="file=&apos;BtnMin.png&apos; source=&apos;28,0,56,20&apos;" pushedimage="file=&apos;BtnMin.png&apos; source=&apos;56,0,84,20&apos;" />
					<Button name="BtnClose" tooltip="关闭" float="true" pos="57,0,96,20" textcolor="#FF000000" disabledtextcolor="#FFA7A6AA" align="center" normalimage="file=&apos;BtnClose.png&apos; source=&apos;0,0,39,20&apos;" hotimage="file=&apos;BtnClose.png&apos; source=&apos;39,0,78,20&apos;" pushedimage="file=&apos;BtnClose.png&apos; source=&apos;78,0,117,20&apos;" />
				</HorizontalLayout>
			</HorizontalLayout>
			<VerticalLayout name="VLayoutBody">
				<VerticalLayout name="VLayoutParam">
					<GroupLayout name="StaticTerminate" height="70" text="请选择客户端">
						<Edit2 name="ApkPath" readonly="true" float="true" pos="15,25,305,50" bkcolor="#FFFFFFFF" textpadding="4,4,3,3" textcolor="#FF000000" disabledtextcolor="#FFA7A6AA" font="2" normalimage="file=&apos;Edit.png&apos; source=&apos;0,0,30,26&apos; corner=&apos;5,5,5,5&apos;" hotimage="file=&apos;Edit.png&apos; source=&apos;30,0,60,26&apos; corner=&apos;5,5,5,5&apos;" focusedimage="file=&apos;Edit.png&apos; source=&apos;30,0,60,26&apos; corner=&apos;5,5,5,5&apos;"/>
						<Button name="LoadApk" text="浏览..." float="true" pos="310,20,380,55" textcolor="#FF000000" disabledtextcolor="#FFA7A6AA" font="3" align="center" normalimage="file=&apos;InstallBtn.png&apos; dest=&apos;0,0,164,38&apos; source=&apos;0,0,164,38&apos; corner=&apos;8,8,8,8&apos;" hotimage="file=&apos;InstallBtn.png&apos; dest=&apos;0,0,162,38&apos; source=&apos;0,38,162,76&apos; corner=&apos;8,8,8,8&apos;" pushedimage="file=&apos;InstallBtn.png&apos; dest=&apos;0,0,162,38&apos; source=&apos;0,76,162,114&apos; corner=&apos;8,8,8,8&apos;"/>
					</GroupLayout>
					<Label name="StaticName" float="true" pos="7,70,60,90" text="域名:" font="0" textcolor="#FF000000" align="right"/>
					<Edit2 name="DoName" float="true" pos="68,68,200,94" text="tsmsf.sc.ga" bkcolor="#FFFFFFFF" textpadding="4,4,3,3" textcolor="#FF000000" disabledtextcolor="#FFA7A6AA" font="2" normalimage="file=&apos;Edit.png&apos; source=&apos;0,0,30,26&apos; corner=&apos;5,5,5,5&apos;" hotimage="file=&apos;Edit.png&apos; source=&apos;30,0,60,26&apos; corner=&apos;5,5,5,5&apos;" focusedimage="file=&apos;Edit.png&apos; source=&apos;30,0,60,26&apos; corner=&apos;5,5,5,5&apos;"/>
				</VerticalLayout>
				<HorizontalLayout name="HLayoutBtn" pos="0,0,0,50" >
					<Button name="BtnSave" text="保存" float="true" pos="85,5,170,40" textcolor="#FF000000" disabledtextcolor="#FFA7A6AA" font="3" normalimage="file=&apos;InstallBtn.png&apos; dest=&apos;0,0,164,38&apos; source=&apos;0,0,164,38&apos; corner=&apos;8,8,8,8&apos;" hotimage="file=&apos;InstallBtn.png&apos; dest=&apos;0,0,162,38&apos; source=&apos;0,38,162,76&apos; corner=&apos;8,8,8,8&apos;" pushedimage="file=&apos;InstallBtn.png&apos; dest=&apos;0,0,162,38&apos; source=&apos;0,76,162,114&apos; corner=&apos;8,8,8,8&apos;" />
					<Button name="Close" text="关闭" float="true" pos="230,5,315,40" textcolor="#FF000000" disabledtextcolor="#FFA7A6AA" font="3" normalimage="file=&apos;InstallBtn.png&apos; dest=&apos;0,0,164,38&apos; source=&apos;0,0,164,38&apos; corner=&apos;8,8,8,8&apos;" hotimage="file=&apos;InstallBtn.png&apos; dest=&apos;0,0,162,38&apos; source=&apos;0,38,162,76&apos; corner=&apos;8,8,8,8&apos;" pushedimage="file=&apos;InstallBtn.png&apos; dest=&apos;0,0,162,38&apos; source=&apos;0,76,162,114&apos; corner=&apos;8,8,8,8&apos;"/>
				</HorizontalLayout>
			</VerticalLayout>
        </VerticalLayout>
    </VerticalLayout>
</Window>